Timestamp,Pressure(mbar),Temperature(deg C),Depth(m),Altitude( m above mean sea level),Sec
2021-08-24 14:20:54,1002.7,20.43,0.11,88.16,1
2021-08-24 14:20:55,1002.5,20.43,0.11,89.84,2
2021-08-24 14:20:56,1002.3,20.43,0.11,91.51,3
2021-08-24 14:20:57,1002,20.42,0.11,94.03,4
2021-08-24 14:20:50,1002.5,20.42,0.11,89.84,5
2021-08-24 14:20:51,1002.5,20.42,0.11,89.84,6
2021-08-24 14:21:00,1002.2,20.41,0.11,92.35,7
2021-08-24 14:21:01,1002.3,20.41,0.11,91.51,8
2021-08-24 14:21:02,1002.4,20.4,0.11,90.68,9
2021-08-24 14:21:03,1002.2,20.39,0.11,92.35,10
2021-08-24 14:21:04,1002.6,20.39,0.11,89,11
2021-08-24 14:21:05,1001.9,20.38,0.11,94.87,12
2021-08-24 14:21:06,1002.6,20.37,0.11,89,13
2021-08-24 14:21:07,1002.2,20.37,0.11,92.35,14
2021-08-24 14:21:00,1001.8,20.36,0.11,95.71,15
2021-08-24 14:21:01,1002.1,20.36,0.11,93.19,16
2021-08-24 14:21:10,1002.6,20.35,0.11,89,17
2021-08-24 14:21:11,1002.1,20.34,0.11,93.19,18
2021-08-24 14:21:12,1002,20.33,0.11,94.03,19
2021-08-24 14:21:13,1002.5,20.32,0.11,89.84,20
2021-08-24 14:21:14,1002.5,20.31,0.11,89.84,21
2021-08-24 14:21:15,1002.4,20.3,0.11,90.68,22
2021-08-24 14:21:16,1002.4,20.29,0.11,90.68,23
2021-08-24 14:21:17,1002.2,20.29,0.11,92.35,24
2021-08-24 14:21:10,1002.5,20.28,0.11,89.84,25
2021-08-24 14:21:11,1005.7,20.26,0.07,63.01,26
2021-08-24 14:21:20,1008.8,20.21,0.04,37.09,27
2021-08-24 14:21:21,1011.3,20.13,0.02,16.24,28
2021-08-24 14:21:22,1026.7,20.05,-0.14,-111.32,29
2021-08-24 14:21:23,1050.5,19.99,-0.38,-305.44,30
2021-08-24 14:21:24,1071.5,19.93,-0.6,-473.79,31
2021-08-24 14:21:25,1091.4,19.87,-0.8,-630.86,32
2021-08-24 14:21:27,1114.6,19.79,-1.04,-811.09,34
2021-08-24 14:21:20,1113.3,19.75,-1.03,-801.07,35
2021-08-24 14:21:21,1122.1,19.71,-1.12,-868.7,36
2021-08-24 14:21:30,1134.9,19.69,-1.25,-966.31,37
2021-08-24 14:21:31,1150.9,19.66,-1.41,-1087.08,38
2021-08-24 14:21:32,1166.4,19.64,-1.57,-1202.78,39
2021-08-24 14:21:33,1181.1,19.62,-1.72,-1311.37,40
2021-08-24 14:21:34,1195.4,19.6,-1.87,-1415.96,41
2021-08-24 14:21:35,1208.4,19.58,-2,-1510.16,42
2021-08-24 14:21:36,1223.9,19.56,-2.16,-1621.42,43
2021-08-24 14:21:37,1238.8,19.55,-2.31,-1727.29,44
2021-08-24 14:21:30,1254.5,19.53,-2.47,-1837.74,45
2021-08-24 14:21:31,1272,19.52,-2.65,-1959.55,46
2021-08-24 14:21:40,1292.7,19.51,-2.86,-2101.89,47
2021-08-24 14:21:41,1315.2,19.49,-3.09,-2254.52,48
2021-08-24 14:21:42,1336.8,19.48,-3.31,-2399.08,49
2021-08-24 14:21:43,1358.3,19.47,-3.53,-2541.09,50
2021-08-24 14:21:44,1380.8,19.46,-3.76,-2687.78,51
2021-08-24 14:21:45,1402.4,19.45,-3.98,-2826.79,52
2021-08-24 14:21:46,1425.7,19.45,-4.22,-2974.81,53
2021-08-24 14:21:47,1448.3,19.43,-4.45,-3116.53,54
2021-08-24 14:21:40,1469.5,19.42,-4.67,-3247.84,55
2021-08-24 14:21:41,1490.6,19.41,-4.88,-3377.02,56
2021-08-24 14:21:50,1511.6,19.4,-5.1,-3504.13,57
2021-08-24 14:21:51,1535,19.39,-5.34,-3644.1,58
2021-08-24 14:21:52,1557.6,19.38,-5.57,-3777.64,59
2021-08-24 14:21:53,1576.1,19.37,-5.76,-3885.8,60
2021-08-24 14:21:54,1585.8,19.36,-5.86,-3942.1,61
2021-08-24 14:21:55,1598.6,19.34,-5.99,-4015.96,62
2021-08-24 14:21:56,1615.2,19.33,-6.16,-4111.05,63
2021-08-24 14:21:57,1636.8,19.31,-6.38,-4233.6,64
2021-08-24 14:21:50,1661.5,19.29,-6.63,-4372.14,65
2021-08-24 14:21:51,1689,19.17,-6.91,-4524.43,66
2021-08-24 14:22:00,1715,19.25,-7.18,-4666.59,67
2021-08-24 14:22:01,1741.8,19.22,-7.45,-4811.3,68
2021-08-24 14:22:02,1768.4,19.2,-7.73,-4953.17,69
2021-08-24 14:22:03,1793.7,19.17,-7.98,-5086.5,70
2021-08-24 14:22:04,1819.3,19.15,-8.25,-5219.87,71
2021-08-24 14:22:05,1843.5,19.12,-8.49,-5344.56,72
2021-08-24 14:22:06,1866.2,19.09,-8.73,-5460.33,73
2021-08-24 14:22:07,1887.8,19.06,-8.95,-5569.43,74
2021-08-24 14:22:00,1919.5,19.02,-9.27,-5727.72,75
2021-08-24 14:22:01,1951.6,18.97,-9.6,-5885.88,76
2021-08-24 14:22:10,1981,18.93,-9.9,-6028.89,77
2021-08-24 14:22:11,2012.3,18.89,-10.22,-6179.27,78
2021-08-24 14:22:12,2043,18.84,-10.53,-6324.94,79
2021-08-24 14:22:13,2074.9,18.75,-10.86,-6474.43,80
2021-08-24 14:22:14,2106.6,18.61,-11.19,-6621.16,81
2021-08-24 14:22:15,2136.7,18.42,-11.49,-6758.83,82
2021-08-24 14:22:16,2167.8,18.19,-11.81,-6899.44,83
2021-08-24 14:22:17,2200.4,17.92,-12.14,-7045.08,84
2021-08-24 14:22:10,2232.5,17.64,-12.47,-7186.8,85
2021-08-24 14:22:11,2265.1,17.32,-12.81,-7329.05,86
2021-08-24 14:22:20,2297.1,17.02,-13.13,-7467.07,87
2021-08-24 14:22:21,2329.1,16.72,-13.46,-7603.54,88
2021-08-24 14:22:22,2360.4,16.41,-13.78,-7735.57,89
2021-08-24 14:22:23,2392.8,16.09,-14.11,-7870.76,90
2021-08-24 14:22:25,2424.8,15.76,-14.44,-8002.83,91
2021-08-24 14:22:26,2456.8,15.44,-14.77,-8133.49,92
2021-08-24 14:22:27,2487.6,15.14,-15.08,-8257.96,93
2021-08-24 14:22:20,2520.7,14.84,-15.42,-8390.34,94
2021-08-24 14:22:21,2554.3,14.52,-15.76,-8523.29,95
2021-08-24 14:22:31,2616.1,13.9,-16.4,-8764.17,97
2021-08-24 14:22:33,2677.7,13.32,-17.03,-8999.72,99
2021-08-24 14:22:34,2704.5,12.99,-17.3,-9100.83,100
2021-08-24 14:22:35,2734.8,12.67,-17.61,-9214.18,101
2021-08-24 14:22:36,2765.4,12.36,-17.92,-9327.62,102
2021-08-24 14:22:37,2795.6,12.08,-18.23,-9438.59,103
2021-08-24 14:22:30,2827,11.81,-18.55,-9552.94,104
2021-08-24 14:22:31,2860.6,11.56,-18.9,-9674.17,105
2021-08-24 14:22:40,2892.4,11.32,-19.22,-9787.85,106
2021-08-24 14:22:41,2925.2,11.08,-19.56,-9904.04,107
2021-08-24 14:22:42,2958.1,10.87,-19.89,-10019.54,108
2021-08-24 14:22:43,2991.8,10.68,-20.24,-10136.77,109
2021-08-24 14:22:44,3026.1,10.49,-20.59,-10255,110
2021-08-24 14:22:45,3060.4,10.31,-20.94,-10372.14,111
2021-08-24 14:22:46,3095.2,10.13,-21.3,-10489.92,112
2021-08-24 14:22:47,3129.7,9.96,-21.65,-10605.62,113
2021-08-24 14:22:40,3164.1,9.78,-22,-10719.96,114
2021-08-24 14:22:41,3198.4,9.62,-22.35,-10832.97,115
2021-08-24 14:22:50,3234.3,9.46,-22.72,-10950.21,116
2021-08-24 14:22:51,3271.1,9.3,-23.1,-11069.3,117
2021-08-24 14:22:52,3306.6,9.14,-23.46,-11183.16,118
2021-08-24 14:22:55,3415.5,8.72,-24.57,-11526.36,121
2021-08-24 14:22:56,3450.7,8.61,-24.93,-11635.4,122
2021-08-24 14:22:57,3486.8,8.49,-25.3,-11746.3,123
2021-08-24 14:22:50,3523.1,8.38,-25.67,-11856.88,124
2021-08-24 14:22:51,3560.2,8.28,-26.05,-11968.94,125
2021-08-24 14:23:00,3597.5,8.21,-26.43,-12080.66,126
2021-08-24 14:23:01,3633.2,8.13,-26.8,-12186.72,127
2021-08-24 14:23:02,3667.4,8.07,-27.15,-12287.52,128
2021-08-24 14:23:03,3704,7.98,-27.52,-12394.56,129
2021-08-24 14:23:04,3741.1,7.9,-27.9,-12502.2,130
2021-08-24 14:23:05,3777,7.82,-28.27,-12605.53,131
2021-08-24 14:23:06,3811.1,7.73,-28.62,-12702.95,132
2021-08-24 14:23:07,3841.6,7.64,-28.93,-12789.49,133
2021-08-24 14:23:00,3875.1,7.57,-29.27,-12883.9,134
2021-08-24 14:23:01,3914.5,7.5,-29.68,-12994.1,135
2021-08-24 14:23:10,3955.2,7.43,-30.09,-13106.99,136
2021-08-24 14:23:11,3989.7,7.35,-30.45,-13201.95,137
2021-08-24 14:23:12,4025.6,7.26,-30.81,-13300.06,138
2021-08-24 14:23:13,4064.6,7.18,-31.21,-13405.85,139
2021-08-24 14:23:14,4108.3,7.09,-31.66,-13523.4,140
2021-08-24 14:23:15,4146.2,7,-32.05,-13624.55,141
2021-08-24 14:23:16,4186.9,6.94,-32.46,-13732.33,142
2021-08-24 14:23:17,4242.5,6.86,-33.03,-13878.21,143
2021-08-24 14:23:10,4298.1,6.78,-33.6,-14022.54,144
2021-08-24 14:23:11,4357.3,6.69,-34.2,-14174.58,145
2021-08-24 14:23:20,4418.3,6.6,-34.83,-14329.49,146
2021-08-24 14:23:23,4599.2,6.35,-36.68,-14778.93,149
2021-08-24 14:23:26,4781.9,6.13,-38.55,-15218.55,152
2021-08-24 14:23:27,4844.1,6.06,-39.18,-15365.11,153
2021-08-24 14:23:20,4905.4,5.98,-39.81,-15508.07,154
2021-08-24 14:23:21,4966.2,5.9,-40.43,-15648.45,155
2021-08-24 14:23:30,5026.8,5.84,-41.05,-15786.97,156
2021-08-24 14:23:31,5088.7,5.76,-41.69,-15927.09,157
2021-08-24 14:23:32,5149.8,5.7,-42.31,-16064.05,158
2021-08-24 14:23:33,5212.1,5.63,-42.95,-16202.34,159
2021-08-24 14:23:34,5274.1,5.56,-43.58,-16338.66,160
2021-08-24 14:23:35,5334.9,5.5,-44.2,-16471.07,161
2021-08-24 14:23:36,5395.7,5.43,-44.83,-16602.27,162
2021-08-24 14:23:37,5455.1,5.37,-45.43,-16729.3,163
2021-08-24 14:23:30,5515.3,5.3,-46.05,-16856.9,164
2021-08-24 14:23:31,5577.6,5.25,-46.69,-16987.78,165
2021-08-24 14:23:40,5636.1,5.19,-47.28,-17109.59,166
2021-08-24 14:23:41,5690.6,5.14,-47.84,-17222.16,167
2021-08-24 14:23:42,5747.3,5.09,-48.42,-17338.35,168
2021-08-24 14:23:43,5809.2,5.05,-49.05,-17464.14,169
2021-08-24 14:23:44,5869.7,5,-49.67,-17586.04,170
2021-08-24 14:23:45,5924.9,4.96,-50.24,-17696.38,171
2021-08-24 14:23:46,5974.4,4.92,-50.74,-17794.62,172
2021-08-24 14:23:47,6016.7,4.87,-51.18,-17878.05,173
2021-08-24 14:23:40,6062.7,4.83,-51.65,-17968.24,174
2021-08-24 14:23:41,6107.8,4.8,-52.11,-18056.12,175
2021-08-24 14:23:50,6153.3,4.76,-52.57,-18144.25,176
2021-08-24 14:23:51,6197.1,4.73,-53.02,-18228.61,177
2021-08-24 14:23:52,6239.9,4.71,-53.46,-18310.56,178
2021-08-24 14:23:53,6300.5,4.68,-54.08,-18425.82,179
2021-08-24 14:23:54,6363.2,4.66,-54.72,-18544.15,180
2021-08-24 14:23:55,6423.5,4.65,-55.34,-18657.05,181
2021-08-24 14:23:56,6479.6,4.63,-55.91,-18761.31,182
2021-08-24 14:23:57,6534.8,4.6,-56.48,-18863.2,183
2021-08-24 14:23:50,6588.8,4.57,-57.03,-18962.19,184
2021-08-24 14:23:51,6638.8,4.55,-57.54,-19053.28,185
2021-08-24 14:24:00,6682.1,4.52,-57.98,-19131.71,186
2021-08-24 14:24:01,6717.2,4.51,-58.34,-19194.99,187
2021-08-24 14:24:02,6742.7,4.49,-58.6,-19240.79,188
2021-08-24 14:24:03,6759.1,4.46,-58.77,-19270.17,189
2021-08-24 14:24:04,6770.8,4.45,-58.89,-19291.1,190
2021-08-24 14:24:05,6777,4.43,-58.95,-19302.18,191
2021-08-24 14:24:06,6786.4,4.42,-59.05,-19318.96,192
2021-08-24 14:24:07,6792.2,4.41,-59.11,-19329.3,193
2021-08-24 14:24:00,6801,4.4,-59.2,-19344.98,194
2021-08-24 14:24:01,6808.3,4.39,-59.27,-19357.97,195
2021-08-24 14:24:10,6812.7,4.38,-59.32,-19365.8,196
2021-08-24 14:24:11,6815.9,4.37,-59.35,-19371.49,197
2021-08-24 14:24:12,6825.2,4.37,-59.45,-19388.01,198
2021-08-24 14:24:13,6843.4,4.35,-59.63,-19420.3,199
2021-08-24 14:24:15,6864,4.34,-59.84,-19456.76,200
2021-08-24 14:24:16,6868.4,4.33,-59.89,-19464.53,201
2021-08-24 14:24:10,6863,4.3,-59.83,-19454.99,203
2021-08-24 14:24:11,6863,4.29,-59.83,-19454.99,204
2021-08-24 14:24:20,6864.7,4.29,-59.85,-19458,205
2021-08-24 14:24:21,6861.8,4.28,-59.82,-19452.87,206
2021-08-24 14:24:22,6849.3,4.27,-59.69,-19430.75,207
2021-08-24 14:24:23,6837.4,4.25,-59.57,-19409.66,208
2021-08-24 14:24:24,6838.5,4.24,-59.58,-19411.62,209
2021-08-24 14:24:25,6838.5,4.23,-59.58,-19411.62,210
2021-08-24 14:24:26,6837.2,4.23,-59.57,-19409.31,211
2021-08-24 14:24:27,6838.2,4.22,-59.58,-19411.08,212
2021-08-24 14:24:20,6838.1,4.21,-59.58,-19410.91,213
2021-08-24 14:24:21,6839,4.21,-59.59,-19412.5,214
2021-08-24 14:24:30,6848.3,4.21,-59.68,-19428.97,215
2021-08-24 14:24:31,6855.3,4.21,-59.75,-19441.38,216
2021-08-24 14:24:32,6857.5,4.2,-59.78,-19445.26,217
2021-08-24 14:24:33,6856.5,4.2,-59.77,-19443.49,218
2021-08-24 14:24:34,6853,4.2,-59.73,-19437.3,219
2021-08-24 14:24:35,6849.7,4.19,-59.7,-19431.46,220
2021-08-24 14:24:36,6846.9,4.19,-59.67,-19426.5,221
2021-08-24 14:24:37,6843,4.19,-59.63,-19419.59,222
2021-08-24 14:24:30,6843.7,4.18,-59.64,-19420.83,223
2021-08-24 14:24:31,6842.4,4.17,-59.62,-19418.53,224
2021-08-24 14:24:40,6843.3,4.17,-59.63,-19420.12,225
2021-08-24 14:24:41,6841.2,4.16,-59.61,-19416.4,226
2021-08-24 14:24:42,6840.1,4.16,-59.6,-19414.46,227
2021-08-24 14:24:43,6839.5,4.15,-59.59,-19413.39,228
2021-08-24 14:24:44,6820.6,1.74,-59.4,-19379.85,229
2021-08-24 14:24:45,6850.8,4.14,-59.71,-19433.41,230
2021-08-24 14:24:46,6847.7,4.14,-59.68,-19427.92,231
2021-08-24 14:24:47,6844.4,4.13,-59.64,-19422.08,232
2021-08-24 14:24:40,6847.4,4.13,-59.67,-19427.38,233
2021-08-24 14:24:41,6845.1,4.13,-59.65,-19423.32,234
2021-08-24 14:24:50,6836,4.12,-59.56,-19407.19,235
2021-08-24 14:24:51,6831,4.12,-59.51,-19398.31,236
2021-08-24 14:24:52,6827.5,4.12,-59.47,-19392.1,237
2021-08-24 14:24:53,6818.7,4.11,-59.38,-19376.47,238
2021-08-24 14:24:54,6802.7,4.1,-59.22,-19348.01,239
2021-08-24 14:24:55,6792.9,4.1,-59.12,-19330.55,240
2021-08-24 14:24:56,6777,4.09,-58.95,-19302.18,241
2021-08-24 14:24:57,6761.5,4.08,-58.79,-19274.47,242
2021-08-24 14:24:50,6765.6,4.08,-58.84,-19281.8,243
2021-08-24 14:24:51,6774.4,4.08,-58.93,-19297.54,244
2021-08-24 14:25:00,6782.5,4.08,-59.01,-19312,245
2021-08-24 14:25:01,6789.6,4.08,-59.08,-19324.66,246
2021-08-24 14:25:02,6791.9,4.07,-59.11,-19328.77,247
2021-08-24 14:25:03,6796.4,4.08,-59.15,-19336.78,248
2021-08-24 14:25:04,6797.7,4.08,-59.17,-19339.1,249
2021-08-24 14:25:05,6799.9,4.08,-59.19,-19343.02,250
2021-08-24 14:25:06,6801.8,4.08,-59.21,-19346.4,251
2021-08-24 14:25:07,6804.5,4.08,-59.23,-19351.21,252
2021-08-24 14:25:00,6806.3,4.08,-59.25,-19354.41,253
2021-08-24 14:25:01,6807.2,4.08,-59.26,-19356.02,254
2021-08-24 14:25:10,6810.6,4.08,-59.3,-19362.07,255
2021-08-24 14:25:11,6814,4.08,-59.33,-19368.11,256
2021-08-24 14:25:12,6820.5,4.08,-59.4,-19379.67,257
2021-08-24 14:25:13,6826.9,4.08,-59.46,-19391.04,258
2021-08-24 14:25:14,6830.8,4.08,-59.5,-19397.95,259
2021-08-24 14:25:15,6828.1,4.08,-59.48,-19393.17,260
2021-08-24 14:25:16,6826,4.08,-59.45,-19389.43,261
2021-08-24 14:25:17,6826.9,4.08,-59.46,-19391.04,262
2021-08-24 14:25:10,6828,4.08,-59.47,-19392.99,263
2021-08-24 14:25:11,6806,1.74,-59.25,-19353.88,264
2021-08-24 14:25:20,6831.3,4.07,-59.51,-19398.85,265
2021-08-24 14:25:21,6829.9,4.06,-59.49,-19396.36,266
2021-08-24 14:25:22,6827.8,4.06,-59.47,-19392.63,267
2021-08-24 14:25:23,6828,4.06,-59.47,-19392.99,268
2021-08-24 14:25:24,6828,4.06,-59.47,-19392.99,269
2021-08-24 14:25:25,6828.5,4.06,-59.48,-19393.88,270
2021-08-24 14:25:27,6826.4,4.06,-59.46,-19390.15,272
2021-08-24 14:25:20,6827.2,4.06,-59.47,-19391.56,273
2021-08-24 14:25:21,6827.9,4.06,-59.47,-19392.81,274
2021-08-24 14:25:30,6829.8,4.06,-59.49,-19396.18,275
2021-08-24 14:25:31,6828.9,4.06,-59.48,-19394.59,276
2021-08-24 14:25:32,6827.3,4.06,-59.47,-19391.74,277
2021-08-24 14:25:33,6826.9,4.06,-59.46,-19391.04,278
2021-08-24 14:25:34,6828.7,4.06,-59.48,-19394.23,279
2021-08-24 14:25:35,6828.9,4.04,-59.48,-19394.59,280
2021-08-24 14:25:36,6828.2,4.05,-59.48,-19393.34,281
2021-08-24 14:25:37,6836.1,4.05,-59.56,-19407.36,282
2021-08-24 14:25:30,6842.5,4.04,-59.62,-19418.71,283
2021-08-24 14:25:31,6839.6,4.04,-59.59,-19413.56,284
2021-08-24 14:25:40,6830.6,4.04,-59.5,-19397.6,285
2021-08-24 14:25:41,6822,4.04,-59.41,-19382.33,286
2021-08-24 14:25:42,6819.5,4.03,-59.39,-19377.89,287
2021-08-24 14:25:43,6812.7,4.03,-59.32,-19365.8,288
2021-08-24 14:25:44,6805.7,4.03,-59.25,-19353.34,289
2021-08-24 14:25:45,6796.6,4.02,-59.15,-19337.14,290
2021-08-24 14:25:46,6800.5,4.02,-59.19,-19344.09,291
2021-08-24 14:25:47,6808.9,4.02,-59.28,-19359.04,292
2021-08-24 14:25:40,6815.7,4.01,-59.35,-19371.14,293
2021-08-24 14:25:41,6821.5,4.01,-59.41,-19381.45,294
2021-08-24 14:25:51,6814.3,4.01,-59.33,-19368.64,296
2021-08-24 14:25:52,6809.6,4.02,-59.29,-19360.29,297
2021-08-24 14:25:53,6806.5,4.02,-59.26,-19354.77,298
2021-08-24 14:25:54,6804,4.02,-59.23,-19350.32,299
2021-08-24 14:25:55,6803.6,4.02,-59.23,-19349.61,300
2021-08-24 14:25:56,6805.7,4.02,-59.25,-19353.34,301
2021-08-24 14:25:57,6805.7,4.02,-59.25,-19353.34,302
2021-08-24 14:25:50,6807.9,4.02,-59.27,-19357.26,303
2021-08-24 14:25:51,6808.6,4.02,-59.28,-19358.51,304
2021-08-24 14:26:00,6811,4.02,-59.3,-19362.78,305
2021-08-24 14:26:01,6811.5,4.02,-59.31,-19363.67,306
2021-08-24 14:26:03,6813,4.02,-59.32,-19366.34,307
2021-08-24 14:26:04,6814.1,4.02,-59.33,-19368.29,308
2021-08-24 14:26:05,6813,4.02,-59.32,-19366.34,309
2021-08-24 14:26:06,6810.7,4.01,-59.3,-19362.24,310
2021-08-24 14:26:07,6809.8,4.01,-59.29,-19360.65,311
2021-08-24 14:26:00,6808.9,4.01,-59.28,-19359.04,312
2021-08-24 14:26:01,6733.9,-2.97,-58.51,-19225,313
2021-08-24 14:26:10,6802.8,4.01,-59.22,-19348.18,314
2021-08-24 14:26:11,6800.8,4.01,-59.2,-19344.62,315
2021-08-24 14:26:12,6801,4.01,-59.2,-19344.98,316
2021-08-24 14:26:13,6801.3,4.01,-59.2,-19345.51,317
2021-08-24 14:26:14,6799.9,4.01,-59.19,-19343.02,318
2021-08-24 14:26:16,6794.5,4.01,-59.13,-19333.4,320
2021-08-24 14:26:17,6791,4.01,-59.1,-19327.16,321
2021-08-24 14:26:10,6782.8,4.01,-59.01,-19312.53,322
2021-08-24 14:26:11,6778,4.01,-58.96,-19303.96,323
2021-08-24 14:26:20,6772.8,4,-58.91,-19294.67,324
2021-08-24 14:26:21,6768.3,4,-58.86,-19286.63,325
2021-08-24 14:26:22,6764.2,4,-58.82,-19279.29,326
2021-08-24 14:26:23,6759.1,4,-58.77,-19270.17,327
2021-08-24 14:26:24,6758.3,4,-58.76,-19268.74,328
2021-08-24 14:26:25,6760,3.99,-58.78,-19271.79,329
2021-08-24 14:26:26,6759.9,3.99,-58.78,-19271.61,330
2021-08-24 14:26:27,6757.2,3.99,-58.75,-19266.77,331
2021-08-24 14:26:20,6755.3,3.99,-58.73,-19263.37,332
2021-08-24 14:26:21,6752.8,3.99,-58.71,-19258.89,333
2021-08-24 14:26:30,6753.7,3.99,-58.71,-19260.5,334
2021-08-24 14:26:31,6752.9,3.99,-58.71,-19259.07,335
2021-08-24 14:26:32,6753.8,3.99,-58.72,-19260.68,336
2021-08-24 14:26:33,6751.1,3.99,-58.69,-19255.84,337
2021-08-24 14:26:34,6749.5,4,-58.67,-19252.98,338
2021-08-24 14:26:35,6747,3.99,-58.65,-19248.5,339
2021-08-24 14:26:36,6746.2,4,-58.64,-19247.06,340
2021-08-24 14:26:30,6743.4,4,-58.61,-19242.04,342
2021-08-24 14:26:31,6744.7,3.99,-58.62,-19244.38,343
2021-08-24 14:26:40,6746.4,3.99,-58.64,-19247.42,344
2021-08-24 14:26:41,6744.6,3.99,-58.62,-19244.2,345
2021-08-24 14:26:42,6746.7,4,-58.64,-19247.96,346
2021-08-24 14:26:43,6750,3.99,-58.68,-19253.88,347
2021-08-24 14:26:44,6753.3,4,-58.71,-19259.79,348
2021-08-24 14:26:45,6758.1,3.99,-58.76,-19268.38,349
2021-08-24 14:26:46,6763.5,4,-58.82,-19278.04,350
2021-08-24 14:26:47,6763.2,4,-58.81,-19277.51,351
2021-08-24 14:26:40,6761.3,4,-58.79,-19274.11,352
2021-08-24 14:26:41,6757.2,4,-58.75,-19266.77,353
2021-08-24 14:26:50,6757.1,4,-58.75,-19266.59,354
2021-08-24 14:26:51,6759.2,4,-58.77,-19270.35,355
2021-08-24 14:26:52,6762.5,3.99,-58.8,-19276.25,356
2021-08-24 14:26:53,6764.4,3.99,-58.82,-19279.65,357
2021-08-24 14:26:54,6768.1,3.99,-58.86,-19286.27,358
2021-08-24 14:26:55,6771.8,3.99,-58.9,-19292.89,359
2021-08-24 14:26:56,6775.8,3.99,-58.94,-19300.03,360
2021-08-24 14:26:57,6779.4,3.99,-58.98,-19306.46,361
2021-08-24 14:26:50,6783.7,3.99,-59.02,-19314.13,362
2021-08-24 14:26:51,6789,4,-59.08,-19323.59,363
2021-08-24 14:27:00,6793.5,3.99,-59.12,-19331.61,364
2021-08-24 14:27:01,6800.2,3.99,-59.19,-19343.55,365
2021-08-24 14:27:02,6805.2,3.99,-59.24,-19352.46,366
2021-08-24 14:27:03,6817.6,4,-59.37,-19374.52,367
2021-08-24 14:27:04,6824.8,4,-59.44,-19387.3,368
2021-08-24 14:27:05,6836.7,4,-59.56,-19408.42,369
2021-08-24 14:27:06,6844.3,3.99,-59.64,-19421.9,370
2021-08-24 14:27:07,6856.4,3.99,-59.77,-19443.32,371
2021-08-24 14:27:00,6862.8,3.99,-59.83,-19454.64,372
2021-08-24 14:27:01,6865.1,3.99,-59.85,-19458.7,373
2021-08-24 14:27:10,6870.6,3.99,-59.91,-19468.42,374
2021-08-24 14:27:11,6879.8,3.99,-60,-19484.66,375
2021-08-24 14:27:12,6886.9,3.99,-60.08,-19497.19,376
2021-08-24 14:27:13,6898,3.99,-60.19,-19516.74,377
2021-08-24 14:27:14,6905.7,3.99,-60.27,-19530.29,378
2021-08-24 14:27:15,6912.8,3.99,-60.34,-19542.78,379
2021-08-24 14:27:16,6912.9,3.98,-60.34,-19542.95,380
2021-08-24 14:27:17,6913.1,3.98,-60.35,-19543.31,381
2021-08-24 14:27:10,6918.1,3.98,-60.4,-19552.08,382
2021-08-24 14:27:11,6928.5,3.98,-60.5,-19570.34,383
2021-08-24 14:27:20,6933.8,3.98,-60.56,-19579.63,384
2021-08-24 14:27:21,6930.9,3.98,-60.53,-19574.55,385
2021-08-24 14:27:22,6928.1,3.98,-60.5,-19569.65,386
2021-08-24 14:27:23,6933.1,3.97,-60.55,-19578.42,387
2021-08-24 14:27:24,6944.7,3.97,-60.67,-19598.74,388
2021-08-24 14:27:25,6965.2,3.97,-60.88,-19634.59,389
2021-08-24 14:27:26,6989.5,3.97,-61.13,-19676.97,390
2021-08-24 14:27:27,7005.5,3.97,-61.29,-19704.82,391
2021-08-24 14:27:20,7012.3,3.96,-61.36,-19716.64,392
2021-08-24 14:27:21,7013.2,3.96,-61.37,-19718.21,393
2021-08-24 14:27:30,7026.2,3.96,-61.5,-19740.78,394
2021-08-24 14:27:31,7053,3.96,-61.78,-19787.19,395
2021-08-24 14:27:32,7078.4,3.96,-62.04,-19831.04,396
2021-08-24 14:27:33,7104.6,3.96,-62.3,-19876.15,397
2021-08-24 14:27:34,7136.9,3.96,-62.63,-19931.58,398
2021-08-24 14:27:35,7163.5,3.96,-62.91,-19977.07,399
2021-08-24 14:27:36,7170.4,3.96,-62.98,-19988.84,400
2021-08-24 14:27:37,7160.5,3.96,-62.88,-19971.94,401
2021-08-24 14:27:30,7154.5,3.95,-62.81,-19961.69,402
2021-08-24 14:27:31,7154.6,3.95,-62.82,-19961.86,403
2021-08-24 14:27:40,7155.3,3.95,-62.82,-19963.06,404
2021-08-24 14:27:41,7150.1,3.94,-62.77,-19954.17,405
2021-08-24 14:27:42,7147.9,3.93,-62.75,-19950.4,406
2021-08-24 14:27:43,7144.8,3.93,-62.72,-19945.1,407
2021-08-24 14:27:44,7143.4,3.93,-62.7,-19942.71,408
2021-08-24 14:27:45,7141.8,3.92,-62.68,-19939.96,409
2021-08-24 14:27:46,7144.5,3.92,-62.71,-19944.59,410
2021-08-24 14:27:47,7148.3,3.92,-62.75,-19951.08,411
2021-08-24 14:27:40,7141.9,3.92,-62.69,-19940.14,412
2021-08-24 14:27:41,7130.2,3.91,-62.57,-19920.1,413
2021-08-24 14:27:51,7124.6,3.91,-62.51,-19910.49,414
2021-08-24 14:27:52,7122.6,3.91,-62.49,-19907.06,415
2021-08-24 14:27:53,7120.8,3.91,-62.47,-19903.97,416
2021-08-24 14:27:54,7116.8,3.91,-62.43,-19897.11,417
2021-08-24 14:27:55,7112.3,3.91,-62.38,-19889.38,418
2021-08-24 14:27:56,7106.4,3.9,-62.32,-19879.25,419
2021-08-24 14:27:57,7101.9,3.9,-62.28,-19871.51,420
2021-08-24 14:27:50,7102.7,3.9,-62.28,-19872.88,421
2021-08-24 14:27:51,7109,3.9,-62.35,-19883.71,422
2021-08-24 14:28:00,7117.1,3.9,-62.43,-19897.63,423
2021-08-24 14:28:01,7124.9,3.9,-62.51,-19911.01,424
2021-08-24 14:28:02,7132.9,3.9,-62.59,-19924.73,425
2021-08-24 14:28:03,7139.3,3.9,-62.66,-19935.69,426
2021-08-24 14:28:04,7147.2,3.91,-62.74,-19949.21,427
2021-08-24 14:28:05,7150.4,3.9,-62.77,-19954.68,428
2021-08-24 14:28:06,7158.8,3.91,-62.86,-19969.04,429
2021-08-24 14:28:07,7178,3.91,-63.05,-20001.8,430
2021-08-24 14:28:00,7206.8,3.91,-63.35,-20050.83,431
2021-08-24 14:28:01,7236.6,3.92,-63.65,-20101.38,432
2021-08-24 14:28:10,7277,3.92,-64.07,-20169.64,433
2021-08-24 14:28:11,7305.2,3.92,-64.36,-20217.12,434
2021-08-24 14:28:12,7333.8,3.92,-64.65,-20265.11,435
2021-08-24 14:28:14,7390.4,3.92,-65.23,-20359.64,437
2021-08-24 14:28:15,7425.6,3.91,-65.59,-20418.14,438
2021-08-24 14:28:16,7466.5,3.91,-66.01,-20485.83,439
2021-08-24 14:28:17,7518.1,3.91,-66.53,-20570.8,440
2021-08-24 14:28:10,7566.6,3.92,-67.03,-20650.23,441
2021-08-24 14:28:11,7622.5,3.91,-67.6,-20741.28,442
2021-08-24 14:28:20,7672.5,3.91,-68.11,-20822.26,443
2021-08-24 14:28:21,7713.7,3.91,-68.53,-20888.66,444
2021-08-24 14:28:22,7738.5,3.91,-68.79,-20928.49,445
2021-08-24 14:28:23,7780.7,3.91,-69.22,-20996.03,446
2021-08-24 14:28:24,7824.7,3.9,-69.67,-21066.14,447
2021-08-24 14:28:25,7865.2,3.9,-70.08,-21130.4,448
2021-08-24 14:28:26,7917,3.9,-70.61,-21212.18,449
2021-08-24 14:28:27,7957.4,3.9,-71.03,-21275.68,450
2021-08-24 14:28:20,7971.6,3.89,-71.17,-21297.93,451
2021-08-24 14:28:30,7974,3.89,-71.2,-21301.69,453
2021-08-24 14:28:31,7980.3,3.88,-71.26,-21311.54,454
2021-08-24 14:28:32,8012.4,3.88,-71.59,-21361.69,455
2021-08-24 14:28:33,8054.5,3.88,-72.02,-21427.21,456
2021-08-24 14:28:34,8099.5,3.88,-72.48,-21496.93,457
2021-08-24 14:28:35,8149.2,3.88,-72.99,-21573.58,458
2021-08-24 14:28:36,8203.2,3.88,-73.54,-21656.43,459
2021-08-24 14:28:37,8257.7,3.88,-74.1,-21739.59,460
2021-08-24 14:28:30,8310.3,3.88,-74.64,-21819.45,461
2021-08-24 14:28:31,8358.9,3.88,-75.13,-21892.86,462
2021-08-24 14:28:40,8408.7,3.88,-75.64,-21967.72,463
2021-08-24 14:28:41,8464,3.88,-76.21,-22050.45,464
2021-08-24 14:28:42,8516.5,3.88,-76.74,-22128.56,465
2021-08-24 14:28:43,8563.5,3.87,-77.23,-22198.18,466
2021-08-24 14:28:44,8619,3.87,-77.79,-22279.98,467
2021-08-24 14:28:45,8671.8,3.88,-78.33,-22357.41,468
2021-08-24 14:28:46,8728.6,3.88,-78.91,-22440.28,469
2021-08-24 14:28:47,8781.7,3.87,-79.46,-22517.35,470
2021-08-24 14:28:40,8842.5,3.87,-80.08,-22605.15,471
2021-08-24 14:28:41,8888.3,3.87,-80.55,-22670.96,472
2021-08-24 14:28:50,8933,3.86,-81,-22734.92,473
2021-08-24 14:28:51,8983.1,3.86,-81.52,-22806.3,474
2021-08-24 14:28:52,9001.4,3.86,-81.7,-22832.31,475
2021-08-24 14:28:53,8998.7,3.85,-81.68,-22828.47,476
2021-08-24 14:28:54,9000.8,3.85,-81.7,-22831.45,477
2021-08-24 14:28:55,9004,3.83,-81.73,-22835.99,478
2021-08-24 14:28:56,9012.5,3.83,-81.82,-22848.05,479
2021-08-24 14:28:57,9027.3,3.83,-81.97,-22869.02,480
2021-08-24 14:28:50,9036.1,3.83,-82.06,-22881.47,481
2021-08-24 14:28:51,9032.3,3.83,-82.02,-22876.1,482
2021-08-24 14:29:00,9034.3,3.82,-82.04,-22878.92,483
2021-08-24 14:29:01,9056.2,3.82,-82.26,-22909.89,484
2021-08-24 14:29:02,9079.8,3.82,-82.51,-22943.19,485
2021-08-24 14:29:03,9099.8,3.82,-82.71,-22971.35,486
2021-08-24 14:29:04,9126.7,3.82,-82.99,-23009.15,487
2021-08-24 14:29:05,9164.6,3.82,-83.37,-23062.25,488
2021-08-24 14:29:06,9214.2,3.82,-83.88,-23131.48,489
2021-08-24 14:29:07,9245.3,3.82,-84.2,-23174.72,490
2021-08-24 14:29:00,9275.2,3.82,-84.5,-23216.21,491
2021-08-24 14:29:01,9308.5,3.82,-84.85,-23262.27,492
2021-08-24 14:29:10,9333.8,3.82,-85.1,-23297.18,493
2021-08-24 14:29:11,9365.6,3.82,-85.43,-23340.94,494
2021-08-24 14:29:12,9407.3,3.82,-85.86,-23398.16,495
2021-08-24 14:29:13,9460.5,3.82,-86.4,-23470.84,496
2021-08-24 14:29:14,9518.9,3.82,-87,-23550.26,497
2021-08-24 14:29:15,9543.8,3.83,-87.25,-23584,498
2021-08-24 14:29:16,9537.1,3.82,-87.18,-23574.94,499
2021-08-24 14:29:17,9531.6,3.82,-87.13,-23567.48,500
2021-08-24 14:29:10,9548.4,3.81,-87.3,-23590.22,501
2021-08-24 14:29:11,9591.7,3.82,-87.74,-23648.71,502
2021-08-24 14:29:20,9641.1,3.81,-88.25,-23715.17,503
2021-08-24 14:29:21,9694.5,3.82,-88.79,-23786.7,504
2021-08-24 14:29:22,9746.3,3.81,-89.32,-23855.79,505
2021-08-24 14:29:23,9801.6,3.81,-89.89,-23929.21,506
2021-08-24 14:29:24,9856.4,3.81,-90.45,-24001.64,507
2021-08-24 14:29:25,9910.2,3.81,-91,-24072.44,508
2021-08-24 14:29:26,9964.5,3.81,-91.55,-24143.57,509
2021-08-24 14:29:27,10015,3.6,-92.07,-24209.45,510
2021-08-24 14:29:20,10074.2,3.82,-92.68,-24286.33,511
2021-08-24 14:29:21,10129.1,3.82,-93.24,-24357.3,512
2021-08-24 14:29:30,10187.4,3.82,-93.83,-24432.33,513
2021-08-24 14:29:31,10242.6,3.82,-94.4,-24503.05,514
2021-08-24 14:29:32,10297.8,3.82,-94.96,-24573.46,515
2021-08-24 14:29:33,10350.4,3.82,-95.5,-24640.27,516
2021-08-24 14:29:34,10403.3,3.82,-96.04,-24707.19,517
2021-08-24 14:29:35,10456.4,3.83,-96.59,-24774.08,518
2021-08-24 14:29:36,10514.7,3.82,-97.18,-24847.2,519
2021-08-24 14:29:37,10570.3,3.83,-97.75,-24916.64,520
2021-08-24 14:29:30,10624.9,3.82,-98.31,-24984.54,521
2021-08-24 14:29:40,10678.8,3.83,-98.86,-25051.29,522
2021-08-24 14:29:41,10731.2,3.82,-99.4,-25115.92,523
2021-08-24 14:29:42,10787,3.83,-99.97,-25184.47,524
2021-08-24 14:29:43,10839.4,3.83,-100.5,-25248.57,525
2021-08-24 14:29:44,10892.5,3.83,-101.05,-25313.28,526
2021-08-24 14:29:45,10944.2,3.83,-101.57,-25376.05,527
2021-08-24 14:29:46,10996.5,3.83,-102.11,-25439.29,528
2021-08-24 14:29:47,11047.5,3.83,-102.63,-25500.73,529
2021-08-24 14:29:40,11096.6,3.83,-103.13,-25559.66,530
2021-08-24 14:29:41,11146,3.83,-103.64,-25618.74,531
2021-08-24 14:29:50,11195.6,3.83,-104.15,-25677.84,532
2021-08-24 14:29:51,11243.3,3.83,-104.63,-25734.49,533
2021-08-24 14:29:52,11290.4,3.84,-105.12,-25790.22,534
2021-08-24 14:29:53,11337.8,3.85,-105.6,-25846.13,535
2021-08-24 14:29:54,11386.5,3.85,-106.1,-25903.37,536
2021-08-24 14:29:55,11435.1,3.85,-106.6,-25960.29,537
2021-08-24 14:29:56,11484.8,3.85,-107.1,-26018.3,538
2021-08-24 14:29:57,11538,3.85,-107.65,-26080.18,539
2021-08-24 14:29:50,11587.6,3.86,-108.16,-26137.65,540
2021-08-24 14:29:51,11634.3,3.86,-108.63,-26191.58,541
2021-08-24 14:30:00,11681.2,3.86,-109.11,-26245.57,542
2021-08-24 14:30:01,11727.8,3.86,-109.59,-26299.05,543
2021-08-24 14:30:02,11770.9,3.86,-110.03,-26348.35,544
2021-08-24 14:30:03,11818,3.86,-110.51,-26402.06,545
2021-08-24 14:30:04,11870.9,3.86,-111.05,-26462.18,546
2021-08-24 14:30:05,11920.9,3.86,-111.56,-26518.8,547
2021-08-24 14:30:06,11963.2,3.86,-112,-26566.56,548
2021-08-24 14:30:07,11981.4,3.86,-112.18,-26587.06,549
2021-08-24 14:30:00,11997.3,3.86,-112.35,-26604.96,550
2021-08-24 14:30:01,12040.1,3.86,-112.78,-26653.02,551
2021-08-24 14:30:10,12086.8,3.86,-113.26,-26705.31,552
2021-08-24 14:30:11,12143.8,3.85,-113.84,-26768.92,553
2021-08-24 14:30:12,12196.4,3.86,-114.38,-26827.4,554
2021-08-24 14:30:13,12252.8,3.85,-114.96,-26889.88,555
2021-08-24 14:30:14,12313.3,3.86,-115.58,-26956.63,556
2021-08-24 14:30:15,12370.4,3.86,-116.16,-27019.4,557
2021-08-24 14:30:16,12426.4,3.86,-116.73,-27080.72,558
2021-08-24 14:30:17,12486.2,3.86,-117.35,-27145.97,559
2021-08-24 14:30:10,12543.4,3.86,-117.93,-27208.14,560
2021-08-24 14:30:11,12600,3.86,-118.51,-27269.44,561
2021-08-24 14:30:20,12659.1,3.86,-119.11,-27333.2,562
2021-08-24 14:30:21,12715.2,3.86,-119.69,-27393.51,563
2021-08-24 14:30:22,12770.9,3.86,-120.26,-27453.16,564
2021-08-24 14:30:23,12828.5,3.86,-120.85,-27514.64,565
2021-08-24 14:30:24,12884.9,3.86,-121.42,-27574.61,566
2021-08-24 14:30:25,12940.7,3.87,-121.99,-27633.75,567
2021-08-24 14:30:26,12998.1,3.87,-122.58,-27694.36,568
2021-08-24 14:30:27,13054,3.87,-123.15,-27753.18,569
2021-08-24 14:30:20,13109.7,3.87,-123.72,-27811.59,570
2021-08-24 14:30:21,13165,3.87,-124.29,-27869.38,571
2021-08-24 14:30:31,13278.4,3.87,-125.45,-27987.27,573
2021-08-24 14:30:32,13335.2,3.87,-126.03,-28046.01,574
2021-08-24 14:30:33,13394.8,3.88,-126.64,-28107.44,575
2021-08-24 14:30:34,13452.2,3.88,-127.23,-28166.38,576
2021-08-24 14:30:35,13509.1,3.88,-127.81,-28224.61,577
2021-08-24 14:30:36,13567.6,3.89,-128.41,-28284.27,578
2021-08-24 14:30:37,13623.8,3.89,-128.98,-28341.39,579
2021-08-24 14:30:30,13681.5,3.89,-129.57,-28399.85,580
2021-08-24 14:30:31,13738,3.9,-130.15,-28456.89,581
2021-08-24 14:30:40,13794.6,3.9,-130.73,-28513.83,582
2021-08-24 14:30:41,13851.5,3.9,-131.31,-28570.89,583
2021-08-24 14:30:42,13909,3.91,-131.9,-28628.36,584
2021-08-24 14:30:43,13964.5,3.91,-132.47,-28683.65,585
2021-08-24 14:30:44,14020.9,3.91,-133.04,-28739.65,586
2021-08-24 14:30:45,14075.7,3.92,-133.6,-28793.89,587
2021-08-24 14:30:46,14131.9,3.92,-134.18,-28849.35,588
2021-08-24 14:30:47,14187.2,3.93,-134.74,-28903.73,589
2021-08-24 14:30:40,14243.1,3.93,-135.32,-28958.54,590
2021-08-24 14:30:41,14490.9,10.8,-137.85,-29199.4,591
2021-08-24 14:30:50,14354.5,3.93,-136.45,-29067.23,592
2021-08-24 14:30:51,14410.6,3.95,-137.03,-29121.72,593
2021-08-24 14:30:52,14465.3,3.95,-137.59,-29174.67,594
2021-08-24 14:30:53,14520.8,3.96,-138.16,-29228.23,595
2021-08-24 14:30:54,14575.3,3.96,-138.71,-29280.67,596
2021-08-24 14:30:55,14630.8,3.96,-139.28,-29333.91,597
2021-08-24 14:30:56,14685.1,3.96,-139.84,-29385.84,598
2021-08-24 14:30:57,14740.5,3.97,-140.4,-29438.66,599
2021-08-24 14:30:50,14794.8,3.97,-140.96,-29490.27,600
2021-08-24 14:30:51,14850,3.97,-141.52,-29542.58,601
2021-08-24 14:31:00,14905.3,3.97,-142.09,-29594.84,602
2021-08-24 14:31:01,14962.9,3.98,-142.68,-29649.1,603
2021-08-24 14:31:02,15019.6,3.98,-143.26,-29702.34,604
2021-08-24 14:31:03,15076.2,3.98,-143.84,-29755.34,605
2021-08-24 14:31:04,15132.6,3.99,-144.41,-29807.98,606
2021-08-24 14:31:05,15187.8,3.99,-144.98,-29859.35,607
2021-08-24 14:31:06,15244,3.99,-145.55,-29911.49,608
2021-08-24 14:31:07,15300.5,4,-146.13,-29963.76,609
2021-08-24 14:31:00,15356.4,4,-146.7,-30015.31,610
2021-08-24 14:31:01,15413.7,4,-147.29,-30068.01,611
2021-08-24 14:31:10,15469.3,4,-147.86,-30118.97,612
2021-08-24 14:31:11,15521.7,4.01,-148.39,-30166.88,613
2021-08-24 14:31:12,15569.6,4.01,-148.88,-30210.56,614
2021-08-24 14:31:13,15612.5,4.01,-149.32,-30249.59,615
2021-08-24 14:31:14,15657.9,4.01,-149.79,-30290.79,616
2021-08-24 14:31:15,15704.1,4.01,-150.26,-30332.63,617
2021-08-24 14:31:16,15748.8,4.02,-150.72,-30373.01,618
2021-08-24 14:31:17,15799.1,4.02,-151.23,-30418.34,619
2021-08-24 14:31:10,15850.5,4.03,-151.76,-30464.54,620
2021-08-24 14:31:11,15897.9,4.03,-152.24,-30507.04,621
2021-08-24 14:31:20,15943,4.03,-152.7,-30547.37,622
2021-08-24 14:31:21,15995,4.04,-153.23,-30593.77,623
2021-08-24 14:31:23,16048.4,4.04,-153.78,-30641.29,624
2021-08-24 14:31:24,16097.8,4.05,-154.29,-30685.14,625
2021-08-24 14:31:25,16148.4,4.06,-154.8,-30729.93,626
2021-08-24 14:31:26,16198.3,4.06,-155.31,-30774,627
2021-08-24 14:31:27,16243,4.06,-155.77,-30813.38,628
2021-08-24 14:31:20,16292.1,4.06,-156.27,-30856.54,629
2021-08-24 14:31:21,16344.2,4.07,-156.81,-30902.21,630
2021-08-24 14:31:30,16392.9,4.07,-157.3,-30944.81,631
2021-08-24 14:31:31,16442.2,4.07,-157.81,-30987.82,632
2021-08-24 14:31:32,16493.9,4.08,-158.34,-31032.8,633
2021-08-24 14:31:33,16543.6,4.08,-158.84,-31075.96,634
2021-08-24 14:31:34,16592.5,4.09,-159.34,-31118.31,635
2021-08-24 14:31:35,16641.4,4.09,-159.84,-31160.56,636
2021-08-24 14:31:37,16737.9,4.1,-160.83,-31243.64,638
2021-08-24 14:31:30,16784.5,4.11,-161.31,-31283.61,639
2021-08-24 14:31:31,16831.2,4.12,-161.79,-31323.58,640
2021-08-24 14:31:40,16883.3,4.12,-162.32,-31368.08,641
2021-08-24 14:31:41,16934.1,4.13,-162.84,-31411.35,642
2021-08-24 14:31:42,16979.7,4.14,-163.3,-31450.12,643
2021-08-24 14:31:43,17030.5,4.15,-163.82,-31493.19,644
2021-08-24 14:31:44,17081.8,4.17,-164.35,-31536.58,645
2021-08-24 14:31:45,17128.3,4.17,-164.82,-31575.82,646
2021-08-24 14:31:46,17173.4,4.18,-165.29,-31613.81,647
2021-08-24 14:31:47,17220.3,4.19,-165.77,-31653.21,648
2021-08-24 14:31:40,17265.5,4.19,-166.23,-31691.11,649
2021-08-24 14:31:41,17316.3,4.2,-166.75,-31733.61,650
2021-08-24 14:31:50,17368.2,4.21,-167.28,-31776.93,651
2021-08-24 14:31:51,17418.7,4.21,-167.79,-31818.97,652
2021-08-24 14:31:52,17468.4,4.22,-168.3,-31860.26,653
2021-08-24 14:31:53,17516.1,4.23,-168.79,-31899.78,654
2021-08-24 14:31:54,17563.9,4.23,-169.28,-31939.32,655
2021-08-24 14:31:55,17614.3,4.23,-169.8,-31980.9,656
2021-08-24 14:31:56,17661.9,4.23,-170.28,-32020.09,657
2021-08-24 14:31:57,17713.2,4.23,-170.81,-32062.22,658
2021-08-24 14:31:50,17768.8,4.23,-171.38,-32107.79,659
2021-08-24 14:31:51,17824.3,4.23,-171.94,-32153.13,660
2021-08-24 14:32:00,17874.4,4.24,-172.46,-32193.98,661
2021-08-24 14:32:01,17923.6,4.24,-172.96,-32234.02,662
2021-08-24 14:32:02,17978,4.24,-173.52,-32278.17,663
2021-08-24 14:32:03,18033.8,4.25,-174.09,-32323.34,664
2021-08-24 14:32:04,18086.3,4.25,-174.62,-32365.74,665
2021-08-24 14:32:05,18138.2,4.25,-175.15,-32407.55,666
2021-08-24 14:32:06,18193.6,4.25,-175.72,-32452.09,667
2021-08-24 14:32:07,18249,4.25,-176.29,-32496.51,668
2021-08-24 14:32:00,18301.1,4.25,-176.82,-32538.18,669
2021-08-24 14:32:01,18353.7,4.25,-177.36,-32580.16,670
2021-08-24 14:32:10,18427.1,4.26,-178.11,-32638.58,671
2021-08-24 14:32:11,18463,4.25,-178.48,-32667.08,672
2021-08-24 14:32:12,18514.9,4.25,-179.01,-32708.21,673
2021-08-24 14:32:13,18567.1,4.26,-179.54,-32749.48,674
2021-08-24 14:32:14,18622.6,4.27,-180.11,-32793.25,675
2021-08-24 14:32:15,18677.9,4.27,-180.67,-32836.77,676
2021-08-24 14:32:16,18733.7,4.28,-181.24,-32880.57,677
2021-08-24 14:32:17,18789,4.29,-181.81,-32923.87,678
2021-08-24 14:32:10,18843.4,4.3,-182.37,-32966.38,679
2021-08-24 14:32:11,18895.6,4.31,-182.9,-33007.06,680
2021-08-24 14:32:20,18947.9,4.31,-183.44,-33047.73,681
2021-08-24 14:32:21,18997.8,4.33,-183.95,-33086.46,682
2021-08-24 14:32:22,19025.3,4.33,-184.23,-33107.76,683
2021-08-24 14:32:23,19040.1,4.34,-184.38,-33119.22,684
2021-08-24 14:32:24,19039.4,4.35,-184.37,-33118.68,685
2021-08-24 14:32:25,19039.5,4.35,-184.37,-33118.75,686
2021-08-24 14:32:26,19039.5,4.37,-184.37,-33118.75,687
2021-08-24 14:32:27,19039.1,4.38,-184.37,-33118.45,688
2021-08-24 14:32:20,19040.1,4.39,-184.38,-33119.22,689
2021-08-24 14:32:21,19039.1,4.39,-184.37,-33118.45,690
2021-08-24 14:32:30,19039.9,4.4,-184.38,-33119.06,691
2021-08-24 14:32:31,19039.7,4.41,-184.37,-33118.91,692
2021-08-24 14:32:32,19039.7,4.42,-184.37,-33118.91,693
2021-08-24 14:32:33,19039.7,4.42,-184.37,-33118.91,694
2021-08-24 14:32:34,19039.6,4.43,-184.37,-33118.83,695
2021-08-24 14:32:35,19039.8,4.43,-184.38,-33118.98,696
2021-08-24 14:32:36,19040.1,4.44,-184.38,-33119.22,697
2021-08-24 14:32:30,19040,4.45,-184.38,-33119.14,699
2021-08-24 14:32:31,19039.7,4.46,-184.37,-33118.91,700
2021-08-24 14:32:41,19040.2,4.48,-184.38,-33119.3,702
2021-08-24 14:32:42,19039.9,4.48,-184.38,-33119.06,703
2021-08-24 14:32:43,19039.9,4.48,-184.38,-33119.06,704
2021-08-24 14:32:44,19039.5,4.48,-184.37,-33118.75,705
2021-08-24 14:32:45,19039.9,4.48,-184.38,-33119.06,706
2021-08-24 14:32:46,19039.9,4.49,-184.38,-33119.06,707
2021-08-24 14:32:47,19040.1,4.49,-184.38,-33119.22,708
2021-08-24 14:32:40,19039.3,4.49,-184.37,-33118.6,709
2021-08-24 14:32:41,19039.7,4.49,-184.37,-33118.91,710
2021-08-24 14:32:50,19039.8,4.49,-184.38,-33118.98,711
2021-08-24 14:32:51,19040.3,4.49,-184.38,-33119.37,712
2021-08-24 14:32:52,19040.2,4.49,-184.38,-33119.3,713
2021-08-24 14:32:53,19040,4.5,-184.38,-33119.14,714
2021-08-24 14:32:54,19040.4,4.5,-184.38,-33119.45,715
2021-08-24 14:32:55,19040.4,4.5,-184.38,-33119.45,716
2021-08-24 14:32:56,19039.5,4.5,-184.37,-33118.75,717
2021-08-24 14:32:57,19040.1,4.51,-184.38,-33119.22,718
2021-08-24 14:32:50,19040.1,4.51,-184.38,-33119.22,719
2021-08-24 14:32:51,19039.5,4.51,-184.37,-33118.75,720
2021-08-24 14:33:01,19039.8,4.51,-184.38,-33118.98,722
2021-08-24 14:33:02,19040.1,4.52,-184.38,-33119.22,723
2021-08-24 14:33:03,19040.7,4.52,-184.38,-33119.69,724
2021-08-24 14:33:04,19040.2,4.52,-184.38,-33119.3,725
2021-08-24 14:33:05,19040.1,4.52,-184.38,-33119.22,726
2021-08-24 14:33:07,19040.5,4.53,-184.38,-33119.54,727
2021-08-24 14:33:00,19040.3,4.53,-184.38,-33119.37,728
2021-08-24 14:33:01,19040.4,4.53,-184.38,-33119.45,729
2021-08-24 14:33:10,19039.7,4.53,-184.37,-33118.91,730
2021-08-24 14:33:11,19040.3,4.53,-184.38,-33119.37,731
2021-08-24 14:33:12,19039.8,4.53,-184.38,-33118.98,732
2021-08-24 14:33:13,19039.3,4.54,-184.37,-33118.6,733
2021-08-24 14:33:14,19039.6,4.54,-184.37,-33118.83,734
2021-08-24 14:33:15,19038.7,4.54,-184.36,-33118.13,735
2021-08-24 14:33:16,19039.4,4.54,-184.37,-33118.68,736
2021-08-24 14:33:17,19038.8,4.55,-184.37,-33118.21,737
2021-08-24 14:33:10,18975.2,4.55,-183.71,-33068.93,738
2021-08-24 14:33:11,19039,4.55,-184.37,-33118.36,739
2021-08-24 14:33:20,19039.2,4.55,-184.37,-33118.53,740
2021-08-24 14:33:21,14474.6,4.56,-137.68,-29183.66,741
2021-08-24 14:33:23,19037.8,4.56,-184.35,-33117.45,743
2021-08-24 14:33:24,19033.6,4.56,-184.31,-33114.2,744
2021-08-24 14:33:25,19028.4,4.56,-184.26,-33110.16,745
2021-08-24 14:33:26,19022.7,4.55,-184.2,-33105.74,746
2021-08-24 14:33:27,19017.1,4.55,-184.14,-33101.42,747
2021-08-24 14:33:20,19013.2,4.54,-184.1,-33098.39,748
2021-08-24 14:33:21,19009.1,4.54,-184.06,-33095.22,749
2021-08-24 14:33:30,19006.3,4.53,-184.03,-33093.05,750
2021-08-24 14:33:31,19005,4.53,-184.02,-33092.04,751
2021-08-24 14:33:32,19003.8,4.52,-184.01,-33091.1,752
2021-08-24 14:33:33,18997.1,4.51,-183.94,-33085.92,753
2021-08-24 14:33:34,18990.7,4.51,-183.87,-33080.96,754
2021-08-24 14:33:35,18979.9,4.51,-183.76,-33072.58,755
2021-08-24 14:33:36,18969.6,4.5,-183.66,-33064.59,756
2021-08-24 14:33:30,18961,4.48,-183.57,-33057.91,758
2021-08-24 14:33:31,18958.3,4.48,-183.54,-33055.81,759
2021-08-24 14:33:40,18953.6,4.48,-183.49,-33052.15,760
2021-08-24 14:33:41,18952,4.46,-183.48,-33050.93,761
2021-08-24 14:33:42,18958.8,4.45,-183.55,-33056.2,762
2021-08-24 14:33:43,18970.2,4.45,-183.66,-33065.05,763
2021-08-24 14:33:44,18962,4.44,-183.58,-33058.68,764
2021-08-24 14:33:45,18936.1,4.44,-183.31,-33038.57,765
2021-08-24 14:33:46,18920.2,4.43,-183.15,-33026.2,766
2021-08-24 14:33:47,18918.6,4.42,-183.14,-33024.95,767
2021-08-24 14:33:40,18917.6,4.42,-183.13,-33024.18,768
2021-08-24 14:33:41,18920,4.41,-183.15,-33026.04,769
2021-08-24 14:33:51,18897.3,4.41,-182.92,-33008.39,771
2021-08-24 14:33:52,18876.2,4.4,-182.7,-32991.95,772
2021-08-24 14:33:53,18854.8,4.4,-182.48,-32975.27,773
2021-08-24 14:33:54,18829.6,4.39,-182.23,-32955.6,774
2021-08-24 14:33:55,18804.5,4.39,-181.97,-32936,775
2021-08-24 14:33:56,18778.8,4.39,-181.71,-32915.9,776
2021-08-24 14:33:57,18753.2,4.38,-181.44,-32895.85,777
2021-08-24 14:33:50,18726.7,4.38,-181.17,-32875.08,778
2021-08-24 14:33:51,18698.7,4.37,-180.89,-32853.11,779
2021-08-24 14:34:00,18673.7,4.37,-180.63,-32833.47,780
2021-08-24 14:34:01,18651.5,4.35,-180.4,-32816.01,781
2021-08-24 14:34:02,18626,4.35,-180.14,-32795.93,782
2021-08-24 14:34:03,18599.5,4.35,-179.87,-32775.05,783
2021-08-24 14:34:04,18570.7,4.34,-179.58,-32752.32,784
2021-08-24 14:34:05,18542.9,4.33,-179.29,-32730.36,785
2021-08-24 14:34:06,18513.9,4.33,-179,-32707.41,786
2021-08-24 14:34:07,18484.5,4.32,-178.7,-32684.13,787
2021-08-24 14:34:00,18455.9,4.32,-178.4,-32661.45,788
2021-08-24 14:34:01,18429.5,4.31,-178.13,-32640.49,789
2021-08-24 14:34:10,18402,4.3,-177.85,-32618.62,790
2021-08-24 14:34:11,18376.8,4.29,-177.59,-32598.57,791
2021-08-24 14:34:12,18353.2,4.28,-177.35,-32579.76,792
2021-08-24 14:34:13,18326.2,4.27,-177.08,-32558.22,793
2021-08-24 14:34:14,18298.9,4.25,-176.8,-32536.43,794
2021-08-24 14:34:15,18273.5,4.24,-176.54,-32516.12,795
2021-08-24 14:34:16,18250,4.24,-176.3,-32497.31,796
2021-08-24 14:34:17,18226.7,4.23,-176.06,-32478.64,797
2021-08-24 14:34:10,18202.1,4.23,-175.81,-32458.91,798
2021-08-24 14:34:11,18177.3,4.22,-175.55,-32439,799
2021-08-24 14:34:20,18153.6,4.22,-175.31,-32419.96,800
2021-08-24 14:34:21,18129.7,4.21,-175.07,-32400.71,801
2021-08-24 14:34:22,18106.2,4.21,-174.83,-32381.78,802
2021-08-24 14:34:24,18057.7,4.2,-174.33,-32342.65,804
2021-08-24 14:34:25,18033.2,4.2,-174.08,-32322.85,805
2021-08-24 14:34:26,18008.7,4.19,-173.83,-32303.03,806
2021-08-24 14:34:27,17981.7,4.19,-173.55,-32281.17,807
2021-08-24 14:34:20,17957.1,4.19,-173.3,-32261.22,808
2021-08-24 14:34:21,17932.5,4.19,-173.05,-32241.24,809
2021-08-24 14:34:30,17906.4,4.18,-172.78,-32220.03,810
2021-08-24 14:34:31,17878.5,4.18,-172.5,-32197.32,811
2021-08-24 14:34:32,17851.1,4.18,-172.22,-32175.01,812
2021-08-24 14:34:33,17822.7,4.18,-171.93,-32151.83,813
2021-08-24 14:34:34,17794.2,4.18,-171.64,-32128.56,814
2021-08-24 14:34:35,17763.2,4.18,-171.32,-32103.19,815
2021-08-24 14:34:36,17732.6,4.18,-171.01,-32078.14,816
2021-08-24 14:34:37,17702.6,4.17,-170.7,-32053.53,817
2021-08-24 14:34:30,17675.3,4.17,-170.42,-32031.1,818
2021-08-24 14:34:31,17648.8,4.17,-170.15,-32009.32,819
2021-08-24 14:34:42,17557.2,4.17,-169.21,-31933.78,822
2021-08-24 14:34:43,17525.9,4.17,-168.89,-31907.9,823
2021-08-24 14:34:44,17496.2,4.17,-168.59,-31883.3,824
2021-08-24 14:34:45,17467.9,4.16,-168.3,-31859.85,825
2021-08-24 14:34:46,17439.4,4.16,-168.01,-31836.18,826
2021-08-24 14:34:47,17410.2,4.16,-167.71,-31811.9,827
2021-08-24 14:34:41,17364.4,4.16,-167.24,-31773.76,829
2021-08-24 14:34:50,17347.9,4.16,-167.07,-31759.99,830
2021-08-24 14:34:51,17327.8,4.16,-166.87,-31743.22,831
2021-08-24 14:34:53,17319.5,4.16,-166.78,-31736.28,832
2021-08-24 14:34:54,17310.8,4.16,-166.69,-31729.01,833
2021-08-24 14:34:55,17295.5,4.16,-166.53,-31716.23,834
2021-08-24 14:34:57,10903.6,4.16,-101.16,-25326.79,836
2021-08-24 14:34:50,17250.5,4.15,-166.07,-31678.54,837
2021-08-24 14:34:51,17233.9,4.15,-165.9,-31664.63,838
2021-08-24 14:35:00,17209.5,4.15,-165.66,-31644.15,839
2021-08-24 14:35:01,17185.8,4.14,-165.41,-31624.23,840
2021-08-24 14:35:02,17173.5,4.14,-165.29,-31613.89,841
2021-08-24 14:35:03,17159.1,4.14,-165.14,-31601.77,842
2021-08-24 14:35:04,17143.9,4.14,-164.98,-31588.97,843
2021-08-24 14:35:05,17129.3,4.14,-164.84,-31576.66,844
2021-08-24 14:35:06,17111.2,4.14,-164.65,-31561.39,845
2021-08-24 14:35:07,17095.3,4.14,-164.49,-31547.98,846
2021-08-24 14:35:00,17077.4,4.14,-164.3,-31532.86,847
2021-08-24 14:35:01,17056.5,4.14,-164.09,-31515.19,848
2021-08-24 14:35:10,17039,4.14,-163.91,-31500.38,849
2021-08-24 14:35:11,17023.7,4.14,-163.75,-31487.42,850
2021-08-24 14:35:12,17007.6,4.14,-163.59,-31473.78,851
2021-08-24 14:35:13,16990.5,4.14,-163.42,-31459.28,852
2021-08-24 14:35:14,16974.5,4.14,-163.25,-31445.7,853
2021-08-24 14:35:15,16957.1,4.14,-163.07,-31430.91,854
2021-08-24 14:35:16,16939.9,4.14,-162.9,-31416.29,855
2021-08-24 14:35:17,16923.2,4.14,-162.73,-31402.07,856
2021-08-24 14:35:10,16907,4.14,-162.56,-31388.28,857
2021-08-24 14:35:11,16891.3,4.14,-162.4,-31374.9,858
2021-08-24 14:35:20,16874.4,4.13,-162.23,-31360.49,859
2021-08-24 14:35:21,16856.7,4.13,-162.05,-31345.38,860
2021-08-24 14:35:23,16824.2,4.12,-161.71,-31317.6,862
2021-08-24 14:35:24,16812.2,4.12,-161.59,-31307.33,863
2021-08-24 14:35:25,16799,4.12,-161.46,-31296.04,864
2021-08-24 14:35:26,16782.1,4.11,-161.28,-31281.56,865
2021-08-24 14:35:27,16769.5,4.11,-161.16,-31270.75,866
2021-08-24 14:35:20,16760,4.11,-161.06,-31262.6,867
2021-08-24 14:35:21,16752.3,4.11,-160.98,-31255.99,868
2021-08-24 14:35:30,16744.3,4.11,-160.9,-31249.13,869
2021-08-24 14:35:31,16739.3,4.1,-160.85,-31244.83,870
2021-08-24 14:35:32,16728,4.1,-160.73,-31235.13,871
2021-08-24 14:35:33,16717.9,4.11,-160.63,-31226.45,872
2021-08-24 14:35:34,16710.2,4.1,-160.55,-31219.82,873
2021-08-24 14:35:35,16701.7,4.1,-160.46,-31212.51,874
2021-08-24 14:35:36,16691,4.1,-160.35,-31203.3,875
2021-08-24 14:35:30,16661.8,4.1,-160.05,-31178.14,877
2021-08-24 14:35:31,16648.9,4.11,-159.92,-31167.02,878
2021-08-24 14:35:40,16639.6,4.11,-159.83,-31159,879
2021-08-24 14:35:41,16637,4.11,-159.8,-31156.75,880
2021-08-24 14:35:42,16654.4,4.12,-159.98,-31171.77,881
2021-08-24 14:35:43,16669.1,4.12,-160.13,-31184.45,882
2021-08-24 14:35:44,16686.4,4.12,-160.31,-31199.34,883
2021-08-24 14:35:45,16701.7,4.12,-160.46,-31212.51,884
2021-08-24 14:35:46,16632.4,1.74,-159.75,-31152.79,885
2021-08-24 14:35:47,16720.6,4.13,-160.65,-31228.77,886
2021-08-24 14:35:40,16715,4.13,-160.6,-31223.96,887
2021-08-24 14:35:41,16695.4,4.13,-160.4,-31207.09,888
2021-08-24 14:35:50,16668.1,4.13,-160.12,-31183.58,889
2021-08-24 14:35:51,16640.5,4.13,-159.84,-31159.78,890
2021-08-24 14:35:52,16608.5,4.13,-159.51,-31132.14,891
2021-08-24 14:35:53,16584.6,4.13,-159.26,-31111.47,892
2021-08-24 14:35:54,16573,4.13,-159.15,-31101.43,893
2021-08-24 14:35:55,16560.5,4.12,-159.02,-31090.6,894
2021-08-24 14:35:56,16556.6,4.12,-158.98,-31087.23,895
2021-08-24 14:35:57,16561.4,4.12,-159.03,-31091.38,896
2021-08-24 14:35:50,16568.5,4.12,-159.1,-31097.53,897
2021-08-24 14:35:51,16564.2,4.12,-159.06,-31093.81,898
2021-08-24 14:36:00,16545.9,4.12,-158.87,-31077.95,899
2021-08-24 14:36:01,16524.4,4.12,-158.65,-31059.3,900
2021-08-24 14:36:02,16503,4.12,-158.43,-31040.71,901
2021-08-24 14:36:03,16481.6,4.11,-158.21,-31022.12,902
2021-08-24 14:36:04,16460.1,4.11,-157.99,-31003.4,903
2021-08-24 14:36:05,16438,4.1,-157.76,-30984.16,904
2021-08-24 14:36:06,16414.5,4.1,-157.52,-30963.66,905
2021-08-24 14:36:07,16390.7,4.09,-157.28,-30942.88,906
2021-08-24 14:36:00,16363.7,4.09,-157,-30919.28,907
2021-08-24 14:36:01,16335.8,4.09,-156.72,-30894.86,908
2021-08-24 14:36:10,16306.1,4.07,-156.42,-30868.82,909
2021-08-24 14:36:11,16275.1,4.07,-156.1,-30841.61,910
2021-08-24 14:36:12,16244.7,4.06,-155.79,-30814.88,911
2021-08-24 14:36:13,16214.9,4.06,-155.48,-30788.63,912
2021-08-24 14:36:14,16184.2,4.04,-155.17,-30761.57,913
2021-08-24 14:36:15,16154.2,4.03,-154.86,-30735.06,914
2021-08-24 14:36:16,16126.6,4.03,-154.58,-30710.64,915
2021-08-24 14:36:17,16101.8,4.02,-154.33,-30688.68,916
2021-08-24 14:36:10,16075.5,4.01,-154.06,-30665.35,917
2021-08-24 14:36:11,16048.4,4.01,-153.78,-30641.29,918
2021-08-24 14:36:20,16021.7,4,-153.51,-30617.54,919
2021-08-24 14:36:21,15997.3,4,-153.26,-30595.82,920
2021-08-24 14:36:22,15972,4,-153,-30573.27,921
2021-08-24 14:36:23,15944.3,3.99,-152.72,-30548.54,922
2021-08-24 14:36:24,15916.4,3.99,-152.43,-30523.59,923
2021-08-24 14:36:25,15887.6,3.98,-152.14,-30497.8,924
2021-08-24 14:36:26,15859.9,3.98,-151.85,-30472.97,925
2021-08-24 14:36:27,15837,3.98,-151.62,-30452.42,926
2021-08-24 14:36:20,15816.8,3.97,-151.41,-30434.26,927
2021-08-24 14:36:21,15793.2,3.97,-151.17,-30413.03,928
2021-08-24 14:36:30,15769,3.97,-150.92,-30391.23,929
2021-08-24 14:36:31,15743.6,3.97,-150.66,-30368.32,930
2021-08-24 14:36:32,15719.4,3.96,-150.41,-30346.46,931
2021-08-24 14:36:33,15697.7,3.96,-150.19,-30326.84,932
2021-08-24 14:36:34,15674.6,3.96,-149.96,-30305.94,933
2021-08-24 14:36:35,15651.2,3.96,-149.72,-30284.72,934
2021-08-24 14:36:36,15629.4,3.96,-149.49,-30264.94,935
2021-08-24 14:36:37,15604.2,3.95,-149.24,-30242.05,936
2021-08-24 14:36:31,15581,3.96,-149,-30220.94,937
2021-08-24 14:36:40,15555.2,3.95,-148.74,-30197.44,938
2021-08-24 14:36:41,15530,3.95,-148.48,-30174.46,939
2021-08-24 14:36:42,15503.3,3.95,-148.2,-30150.08,940
2021-08-24 14:36:43,15473.9,3.93,-147.9,-30123.19,941
2021-08-24 14:36:44,15442.7,3.93,-147.58,-30094.6,942
2021-08-24 14:36:45,15411.7,3.93,-147.27,-30066.17,943
2021-08-24 14:36:46,15380.4,3.93,-146.95,-30037.39,944
2021-08-24 14:36:47,15350,3.92,-146.64,-30009.41,945
2021-08-24 14:36:40,15319.2,3.92,-146.32,-29981.03,946
2021-08-24 14:36:41,15289.3,3.92,-146.02,-29953.41,947
2021-08-24 14:36:50,15258.6,3.92,-145.7,-29925.02,948
2021-08-24 14:36:51,15227.5,3.91,-145.38,-29896.19,949
2021-08-24 14:36:52,15194.9,3.91,-145.05,-29865.94,950
2021-08-24 14:36:53,15164.3,3.91,-144.74,-29837.49,951
2021-08-24 14:36:54,15132.5,3.91,-144.41,-29807.88,952
2021-08-24 14:36:55,15100.2,3.9,-144.08,-29777.75,953
2021-08-24 14:36:56,15067.6,3.9,-143.75,-29747.29,954
2021-08-24 14:36:57,15035.9,3.9,-143.42,-29717.62,955
2021-08-24 14:36:50,15003.9,3.9,-143.1,-29687.62,956
2021-08-24 14:36:51,14971.9,3.89,-142.77,-29657.57,957
2021-08-24 14:37:00,14933.8,3.75,-142.38,-29621.71,958
2021-08-24 14:37:01,14907.6,3.89,-142.11,-29597.01,959
2021-08-24 14:37:02,14878.7,3.89,-141.82,-29569.73,960
2021-08-24 14:37:03,14851.2,3.88,-141.53,-29543.72,961
2021-08-24 14:37:04,14818.8,3.88,-141.2,-29513.04,962
2021-08-24 14:37:05,14783.4,3.88,-140.84,-29479.45,963
2021-08-24 14:37:06,14749.1,3.88,-140.49,-29446.85,964
2021-08-24 14:37:07,14723.2,3.87,-140.23,-29422.18,965
2021-08-24 14:37:00,14696,3.87,-139.95,-29396.24,966
2021-08-24 14:37:01,14667.2,3.87,-139.65,-29368.74,967
2021-08-24 14:37:10,14635.9,3.87,-139.33,-29338.79,968
2021-08-24 14:37:13,14544.2,3.86,-138.4,-29250.77,971
2021-08-24 14:37:14,14517.6,3.87,-138.12,-29225.16,972
2021-08-24 14:37:15,14490.8,3.87,-137.85,-29199.3,973
2021-08-24 14:37:16,14464.6,3.86,-137.58,-29173.99,974
2021-08-24 14:37:17,14439.8,3.86,-137.33,-29150,975
2021-08-24 14:37:10,14415.5,3.86,-137.08,-29126.47,976
2021-08-24 14:37:11,14391.5,3.86,-136.83,-29103.19,977
2021-08-24 14:37:20,14368.4,3.86,-136.6,-29080.75,978
2021-08-24 14:37:21,14346.2,3.85,-136.37,-29059.16,979
2021-08-24 14:37:22,14321.7,3.86,-136.12,-29035.3,980
2021-08-24 14:37:23,14291.5,3.66,-135.81,-29005.85,981
2021-08-24 14:37:24,14270.2,3.85,-135.59,-28985.04,982
2021-08-24 14:37:25,14243.6,3.85,-135.32,-28959.03,983
2021-08-24 14:37:26,14216,3.85,-135.04,-28931.99,984
2021-08-24 14:37:27,14190.5,3.85,-134.78,-28906.97,985
2021-08-24 14:37:20,14166.5,3.85,-134.53,-28883.4,986
2021-08-24 14:37:21,14141.7,3.85,-134.28,-28859,987
2021-08-24 14:37:30,14117.2,3.83,-134.03,-28834.86,988
2021-08-24 14:37:31,14091.2,3.83,-133.76,-28809.21,989
2021-08-24 14:37:32,14062.4,3.83,-133.47,-28780.75,990
2021-08-24 14:37:33,14034.1,3.83,-133.18,-28752.73,991
2021-08-24 14:37:34,14005,3.83,-132.88,-28723.89,992
2021-08-24 14:37:35,13975,3.83,-132.57,-28694.09,993
2021-08-24 14:37:36,13946,3.83,-132.28,-28665.24,994
2021-08-24 14:37:37,13917.3,3.83,-131.98,-28636.64,995
2021-08-24 14:37:30,13890,3.82,-131.7,-28609.39,996
2021-08-24 14:37:31,13862.9,3.82,-131.43,-28582.3,997
2021-08-24 14:37:40,13835.3,3.83,-131.14,-28554.67,998
2021-08-24 14:37:41,13807.5,3.82,-130.86,-28526.79,999
2021-08-24 14:37:42,13777.4,3.82,-130.55,-28496.54,1000
2021-08-24 14:37:43,13747.4,3.82,-130.25,-28466.36,1001
2021-08-24 14:37:44,13714.8,3.81,-129.91,-28433.49,1002
2021-08-24 14:37:45,13683.2,3.82,-129.59,-28401.57,1003
2021-08-24 14:37:46,13651.2,3.81,-129.26,-28369.18,1004
2021-08-24 14:37:47,13620.4,3.81,-128.95,-28337.94,1005
2021-08-24 14:37:40,13591.5,3.81,-128.65,-28308.59,1006
2021-08-24 14:37:41,13563,3.81,-128.36,-28279.59,1007
2021-08-24 14:37:50,13537.5,3.81,-128.1,-28253.61,1008
2021-08-24 14:37:51,13513.1,3.81,-127.85,-28228.7,1009
2021-08-24 14:37:52,13488,3.81,-127.59,-28203.04,1010
2021-08-24 14:37:53,13462.5,3.81,-127.33,-28176.93,1011
2021-08-24 14:37:54,13437,3.8,-127.07,-28150.79,1012
2021-08-24 14:37:55,13413.4,3.8,-126.83,-28126.55,1013
2021-08-24 14:37:56,13388.1,3.8,-126.57,-28100.54,1014
2021-08-24 14:37:57,13363.4,3.8,-126.32,-28075.1,1015
2021-08-24 14:37:50,13352.6,3.8,-126.21,-28063.96,1016
2021-08-24 14:37:51,13357.2,3.8,-126.25,-28068.71,1017
2021-08-24 14:38:00,13369.3,3.8,-126.38,-28081.18,1018
2021-08-24 14:38:01,13367.2,3.8,-126.36,-28079.02,1019
2021-08-24 14:38:02,13347.4,3.8,-126.15,-28058.6,1020
2021-08-24 14:38:03,13323.8,3.8,-125.91,-28034.23,1021
2021-08-24 14:38:05,13272.1,3.79,-125.38,-27980.74,1023
2021-08-24 14:38:06,13240.8,3.79,-125.06,-27948.27,1024
2021-08-24 14:38:00,13174.7,3.79,-124.39,-27879.49,1026
2021-08-24 14:38:01,13143.2,3.79,-124.07,-27846.61,1027
2021-08-24 14:38:10,13111.4,3.79,-123.74,-27813.37,1028
2021-08-24 14:38:11,13078.1,3.78,-123.4,-27778.47,1029
2021-08-24 14:38:12,13042.2,3.78,-123.03,-27740.78,1030
2021-08-24 14:38:13,13006.4,3.78,-122.67,-27703.11,1031
2021-08-24 14:38:14,12972.8,3.77,-122.32,-27667.67,1032
2021-08-24 14:38:15,12938,3.77,-121.97,-27630.89,1033
2021-08-24 14:38:16,12903.4,3.77,-121.61,-27594.24,1034
2021-08-24 14:38:17,12882.9,3.77,-121.4,-27572.49,1035
2021-08-24 14:38:10,12878.6,3.77,-121.36,-27567.92,1036
2021-08-24 14:38:11,12875.6,3.77,-121.33,-27564.75,1037
2021-08-24 14:38:20,12844,3.77,-121.01,-27531.14,1038
2021-08-24 14:38:21,12807.7,3.77,-120.63,-27492.46,1039
2021-08-24 14:38:22,12775.8,3.76,-120.31,-27458.4,1040
2021-08-24 14:38:24,12746,3.76,-120,-27426.52,1041
2021-08-24 14:38:25,12714.3,3.76,-119.68,-27392.54,1042
2021-08-24 14:38:26,12684.3,3.76,-119.37,-27360.31,1043
2021-08-24 14:38:27,12653.7,3.76,-119.06,-27327.38,1044
2021-08-24 14:38:20,12624.6,3.75,-118.76,-27296,1045
2021-08-24 14:38:21,12599.7,3.75,-118.51,-27269.11,1046
2021-08-24 14:38:30,12589.5,3.76,-118.4,-27258.08,1047
2021-08-24 14:38:31,12588.8,3.76,-118.4,-27257.32,1048
2021-08-24 14:38:32,12586.8,3.76,-118.38,-27255.16,1049
2021-08-24 14:38:33,12571.6,3.76,-118.22,-27238.71,1050
2021-08-24 14:38:34,12550.1,3.76,-118,-27215.41,1051
2021-08-24 14:38:35,12526.6,3.76,-117.76,-27189.91,1052
2021-08-24 14:38:36,12505.7,3.75,-117.55,-27167.18,1053
2021-08-24 14:38:37,12485.4,3.76,-117.34,-27145.1,1054
2021-08-24 14:38:30,12463.6,3.75,-117.11,-27121.34,1055
2021-08-24 14:38:31,12442.6,3.75,-116.9,-27098.43,1056
2021-08-24 14:38:40,12420.3,3.75,-116.67,-27074.05,1057
2021-08-24 14:38:43,12363.6,3.75,-116.09,-27011.93,1060
2021-08-24 14:38:44,12360,3.75,-116.06,-27007.98,1061
2021-08-24 14:38:45,12359.9,3.75,-116.05,-27007.88,1062
2021-08-24 14:38:46,12349.3,3.75,-115.95,-26996.23,1063
2021-08-24 14:38:47,12325.2,3.75,-115.7,-26969.73,1064
2021-08-24 14:38:40,12296.7,3.74,-115.41,-26938.34,1065
2021-08-24 14:38:41,12269.8,3.74,-115.13,-26908.66,1066
2021-08-24 14:38:50,12243.5,3.74,-114.86,-26879.59,1067
2021-08-24 14:38:51,12215.8,3.74,-114.58,-26848.91,1068
2021-08-24 14:38:52,12191.5,3.74,-114.33,-26821.96,1069
2021-08-24 14:38:54,12171.3,3.74,-114.13,-26799.52,1071
2021-08-24 14:38:55,12163.5,3.73,-114.05,-26790.84,1072
2021-08-24 14:38:56,12145.6,3.73,-113.86,-26770.92,1073
2021-08-24 14:38:57,12125.3,3.73,-113.65,-26748.3,1074
2021-08-24 14:38:50,12115.7,3.74,-113.56,-26737.59,1075
2021-08-24 14:38:51,12110.5,3.74,-113.5,-26731.78,1076
2021-08-24 14:39:00,12099.8,3.74,-113.39,-26719.84,1077
2021-08-24 14:39:01,12081.1,3.73,-113.2,-26698.94,1078
2021-08-24 14:39:02,12057.7,3.72,-112.96,-26672.75,1079
2021-08-24 14:39:03,12034.2,3.73,-112.72,-26646.41,1080
2021-08-24 14:39:04,12015.7,3.73,-112.53,-26625.63,1081
2021-08-24 14:39:05,12007.7,3.72,-112.45,-26616.65,1082
2021-08-24 14:39:06,11998.5,3.73,-112.36,-26606.3,1083
2021-08-24 14:39:07,11980.9,3.72,-112.18,-26586.5,1084
2021-08-24 14:39:00,11960.5,3.72,-111.97,-26563.51,1085
2021-08-24 14:39:01,11946.8,3.72,-111.83,-26548.05,1086
2021-08-24 14:39:10,11942,3.72,-111.78,-26542.64,1087
2021-08-24 14:39:11,11935.2,3.72,-111.71,-26534.96,1088
2021-08-24 14:39:12,11921.5,3.72,-111.57,-26519.48,1089
2021-08-24 14:39:13,11910.4,3.72,-111.46,-26506.93,1090
2021-08-24 14:39:14,11903.4,3.72,-111.39,-26499.01,1091
2021-08-24 14:39:15,11889.1,3.72,-111.24,-26482.81,1092
2021-08-24 14:39:16,11870.2,3.72,-111.05,-26461.39,1093
2021-08-24 14:39:17,11849,3.72,-110.83,-26437.32,1094
2021-08-24 14:39:10,11829.5,3.72,-110.63,-26415.15,1095
2021-08-24 14:39:11,11815,3.72,-110.48,-26398.64,1096
2021-08-24 14:39:20,11814.8,3.72,-110.48,-26398.42,1097
2021-08-24 14:39:21,11815.4,3.72,-110.49,-26399.1,1098
2021-08-24 14:39:22,11795.7,3.72,-110.28,-26376.66,1099
2021-08-24 14:39:23,11764.2,3.71,-109.96,-26340.7,1100
2021-08-24 14:39:24,11730.3,3.71,-109.61,-26301.92,1101
2021-08-24 14:39:25,11701.9,3.71,-109.32,-26269.35,1102
2021-08-24 14:39:26,11683.5,3.71,-109.14,-26248.22,1103
2021-08-24 14:39:27,11673.1,3.71,-109.03,-26236.27,1104
2021-08-24 14:39:20,11674.5,3.71,-109.04,-26237.88,1105
2021-08-24 14:39:21,11688.9,3.71,-109.19,-26254.42,1106
2021-08-24 14:39:30,11694.9,3.71,-109.25,-26261.31,1107
2021-08-24 14:39:31,11689.4,3.72,-109.2,-26254.99,1108
2021-08-24 14:39:32,11681.6,3.71,-109.12,-26246.03,1109
2021-08-24 14:39:33,11677.7,3.71,-109.08,-26241.56,1110
2021-08-24 14:39:34,11674.6,3.72,-109.05,-26237.99,1111
2021-08-24 14:39:35,11664.6,3.71,-108.94,-26226.49,1112
2021-08-24 14:39:36,11657.4,3.71,-108.87,-26218.2,1113
2021-08-24 14:39:37,11650.8,3.71,-108.8,-26210.6,1114
2021-08-24 14:39:30,11637.6,3.71,-108.67,-26195.4,1115
2021-08-24 14:39:31,11620,3.71,-108.49,-26175.09,1116
2021-08-24 14:39:40,11602.1,3.71,-108.3,-26154.41,1117
2021-08-24 14:39:41,11587.4,3.71,-108.15,-26137.42,1118
2021-08-24 14:39:42,11578.5,3.71,-108.06,-26127.12,1119
2021-08-24 14:39:43,11433.3,-2.97,-106.58,-25958.19,1120
2021-08-24 14:39:44,11583.2,3.71,-108.11,-26132.56,1121
2021-08-24 14:39:45,11603.4,3.71,-108.32,-26155.92,1122
2021-08-24 14:39:46,11634.4,3.72,-108.63,-26191.7,1123
2021-08-24 14:39:47,11662.9,3.72,-108.93,-26224.53,1124
2021-08-24 14:39:40,11679.9,3.72,-109.1,-26244.09,1125
2021-08-24 14:39:41,11691.4,3.72,-109.22,-26257.29,1126
2021-08-24 14:39:50,11690.2,3.72,-109.2,-26255.92,1127
2021-08-24 14:39:51,11684.1,3.72,-109.14,-26248.9,1128
2021-08-24 14:39:53,11652,3.72,-108.81,-26211.99,1130
2021-08-24 14:39:54,11627.5,3.72,-108.56,-26183.74,1131
2021-08-24 14:39:55,11616.3,3.72,-108.45,-26170.82,1132
2021-08-24 14:39:56,11618,3.72,-108.47,-26172.78,1133
2021-08-24 14:39:57,11635.9,3.72,-108.65,-26193.44,1134
2021-08-24 14:39:50,11666.3,3.72,-108.96,-26228.45,1135
2021-08-24 14:39:51,11706.6,3.72,-109.37,-26274.73,1136
2021-08-24 14:40:00,11748.4,3.73,-109.8,-26322.63,1137
2021-08-24 14:40:01,11779.3,3.73,-110.12,-26357.95,1138
2021-08-24 14:40:02,11781.5,3.73,-110.14,-26360.45,1139
2021-08-24 14:40:03,11760.3,3.73,-109.92,-26336.24,1140
2021-08-24 14:40:04,11749.8,3.72,-109.81,-26324.23,1141
2021-08-24 14:40:05,11729.3,3.73,-109.6,-26300.76,1142
2021-08-24 14:40:06,11703.2,3.72,-109.34,-26270.84,1143
2021-08-24 14:40:07,11672.9,3.72,-109.03,-26236.04,1144
2021-08-24 14:40:01,11640.7,3.71,-108.7,-26198.96,1145
2021-08-24 14:40:10,11620.5,3.71,-108.49,-26175.67,1146
2021-08-24 14:40:11,11617.1,3.71,-108.46,-26171.74,1147
2021-08-24 14:40:12,11601.2,3.71,-108.29,-26153.37,1148
2021-08-24 14:40:13,11575.3,3.71,-108.03,-26123.42,1149
2021-08-24 14:40:14,11545.4,3.7,-107.72,-26088.77,1150
2021-08-24 14:40:15,11515.5,3.71,-107.42,-26054.03,1151
2021-08-24 14:40:16,11484.7,3.7,-107.1,-26018.18,1152
2021-08-24 14:40:17,11455.2,3.7,-106.8,-25983.78,1153
2021-08-24 14:40:10,11426.3,3.7,-106.51,-25950,1154
2021-08-24 14:40:11,11396.1,3.7,-106.2,-25914.63,1155
2021-08-24 14:40:20,11365.7,3.69,-105.89,-25878.94,1156
2021-08-24 14:40:21,11335.1,3.7,-105.57,-25842.95,1157
2021-08-24 14:40:22,11305.6,3.7,-105.27,-25808.17,1158
2021-08-24 14:40:23,11277.5,3.69,-104.98,-25774.97,1159
2021-08-24 14:40:24,11250.4,3.69,-104.71,-25742.9,1160
2021-08-24 14:40:25,11222.4,3.69,-104.42,-25709.7,1161
2021-08-24 14:40:26,11207.6,3.69,-104.27,-25692.11,1162
2021-08-24 14:40:27,11206.2,3.69,-104.25,-25690.45,1163
2021-08-24 14:40:20,11196.8,3.69,-104.16,-25679.27,1164
2021-08-24 14:40:21,11179.1,3.69,-103.98,-25658.21,1165
2021-08-24 14:40:30,11161.5,3.69,-103.8,-25637.24,1166
2021-08-24 14:40:31,11143.6,3.69,-103.61,-25615.87,1167
2021-08-24 14:40:32,11124.2,3.69,-103.42,-25592.69,1168
2021-08-24 14:40:33,11105.5,3.69,-103.22,-25570.32,1169
2021-08-24 14:40:34,11085.7,3.68,-103.02,-25546.59,1170
2021-08-24 14:40:35,11068.4,3.69,-102.85,-25525.84,1171
2021-08-24 14:40:36,11052.3,3.69,-102.68,-25506.5,1172
2021-08-24 14:40:37,11035,3.68,-102.5,-25485.69,1173
2021-08-24 14:40:30,11018.4,3.69,-102.33,-25465.7,1174
2021-08-24 14:40:40,10987.6,3.68,-102.02,-25428.54,1176
2021-08-24 14:40:41,10973,3.68,-101.87,-25410.9,1177
2021-08-24 14:40:42,10961.6,3.68,-101.75,-25397.11,1178
2021-08-24 14:40:43,10950.6,3.68,-101.64,-25383.8,1179
2021-08-24 14:40:44,10938,3.69,-101.51,-25368.53,1180
2021-08-24 14:40:45,10928.2,3.69,-101.41,-25356.65,1181
2021-08-24 14:40:46,10929.4,3.69,-101.42,-25358.11,1182
2021-08-24 14:40:47,10937.3,3.69,-101.5,-25367.69,1183
2021-08-24 14:40:40,10931.7,3.69,-101.45,-25360.9,1184
2021-08-24 14:40:41,10916.4,3.69,-101.29,-25342.33,1185
2021-08-24 14:40:50,10901,3.68,-101.13,-25323.62,1186
2021-08-24 14:40:51,10886,3.69,-100.98,-25305.38,1187
2021-08-24 14:40:52,10869.4,3.68,-100.81,-25285.17,1188
2021-08-24 14:40:53,10858.6,3.68,-100.7,-25272.01,1189
2021-08-24 14:40:54,10847.4,3.68,-100.58,-25258.35,1190
2021-08-24 14:40:55,10837.2,3.68,-100.48,-25245.89,1191
2021-08-24 14:40:56,10825.9,3.69,-100.36,-25232.09,1192
2021-08-24 14:40:57,10815,3.68,-100.25,-25218.76,1193
2021-08-24 14:40:50,10805.1,3.68,-100.15,-25206.64,1194
2021-08-24 14:40:51,10784.3,3.68,-99.94,-25181.16,1195
2021-08-24 14:41:00,10771,3.68,-99.8,-25164.85,1196
2021-08-24 14:41:01,10773.2,3.68,-99.83,-25167.55,1197
2021-08-24 14:41:02,10783.8,3.68,-99.93,-25180.54,1198
2021-08-24 14:41:03,10774.2,3.68,-99.84,-25168.77,1199
2021-08-24 14:41:04,10764.8,3.68,-99.74,-25157.23,1200
2021-08-24 14:41:05,10763.8,3.68,-99.73,-25156.01,1201
2021-08-24 14:41:06,10767.9,3.68,-99.77,-25161.04,1202
2021-08-24 14:41:07,10772.3,3.68,-99.82,-25166.44,1203
2021-08-24 14:41:00,10774.8,3.68,-99.84,-25169.51,1204
2021-08-24 14:41:01,10756.2,3.68,-99.65,-25146.67,1205
2021-08-24 14:41:10,10718,3.68,-99.26,-25099.67,1206
2021-08-24 14:41:11,10678.3,3.67,-98.86,-25050.67,1207
2021-08-24 14:41:12,10637.4,3.68,-98.44,-25000.05,1208
2021-08-24 14:41:13,10599,3.67,-98.04,-24952.37,1209
2021-08-24 14:41:14,10560.6,3.67,-97.65,-24904.55,1210
2021-08-24 14:41:15,10522.3,3.67,-97.26,-24856.71,1211
2021-08-24 14:41:16,10484.1,3.67,-96.87,-24808.86,1212
2021-08-24 14:41:17,10449.3,3.66,-96.51,-24765.15,1213
2021-08-24 14:41:10,10409.8,3.66,-96.11,-24715.39,1214
2021-08-24 14:41:11,10391.6,3.66,-95.92,-24692.41,1215
2021-08-24 14:41:20,10395.6,3.66,-95.96,-24697.47,1216
2021-08-24 14:41:21,10391.7,3.66,-95.92,-24692.53,1217
2021-08-24 14:41:22,10362.1,3.66,-95.62,-24655.1,1218
2021-08-24 14:41:23,10331.4,3.66,-95.31,-24616.17,1219
2021-08-24 14:41:24,10297.5,3.66,-94.96,-24573.09,1220
2021-08-24 14:41:25,10264.6,3.66,-94.62,-24531.15,1221
2021-08-24 14:41:26,10231.4,3.66,-94.28,-24488.73,1222
2021-08-24 14:41:27,10196,3.66,-93.92,-24443.37,1223
2021-08-24 14:41:20,10164.7,3.66,-93.6,-24403.15,1224
2021-08-24 14:41:21,10148.9,3.66,-93.44,-24382.82,1225
2021-08-24 14:41:30,10151.3,3.66,-93.47,-24385.92,1226
2021-08-24 14:41:31,10160.3,3.66,-93.56,-24397.5,1227
2021-08-24 14:41:32,10149.6,3.66,-93.45,-24383.72,1228
2021-08-24 14:41:33,10125.5,3.66,-93.2,-24352.66,1229
2021-08-24 14:41:34,10096.8,3.66,-92.91,-24315.59,1230
2021-08-24 14:41:35,10069.2,3.66,-92.63,-24279.85,1231
2021-08-24 14:41:36,10040,3.66,-92.33,-24241.96,1232
2021-08-24 14:41:37,10016.6,3.66,-92.09,-24211.53,1233
2021-08-24 14:41:30,10010.8,3.66,-92.03,-24203.98,1234
2021-08-24 14:41:31,10013.4,3.67,-92.05,-24207.37,1235
2021-08-24 14:41:40,10017.3,3.67,-92.09,-24212.44,1236
2021-08-24 14:41:41,10006.6,3.67,-91.99,-24198.51,1237
2021-08-24 14:41:42,9985.2,3.67,-91.77,-24170.61,1238
2021-08-24 14:41:43,9967.2,3.66,-91.58,-24147.1,1239
2021-08-24 14:41:44,9969.9,3.67,-91.61,-24150.63,1240
2021-08-24 14:41:45,9971.3,3.67,-91.62,-24152.46,1241
2021-08-24 14:41:46,9952.2,3.67,-91.43,-24127.48,1242
2021-08-24 14:41:47,9947.5,3.67,-91.38,-24121.34,1243
2021-08-24 14:41:40,9948.4,3.67,-91.39,-24122.51,1244
2021-08-24 14:41:41,9952.1,3.67,-91.43,-24127.35,1245
2021-08-24 14:41:50,9954.6,3.67,-91.45,-24130.63,1246
2021-08-24 14:41:51,9951.2,3.67,-91.42,-24126.17,1247
2021-08-24 14:41:52,9943.9,3.67,-91.34,-24116.62,1248
2021-08-24 14:41:53,9943.6,3.67,-91.34,-24116.23,1249
2021-08-24 14:41:54,9941.9,3.67,-91.32,-24114,1250
2021-08-24 14:41:55,9946.5,3.67,-91.37,-24120.02,1251
2021-08-24 14:41:57,9953.8,3.68,-91.45,-24129.58,1252
2021-08-24 14:41:50,9956.1,3.67,-91.47,-24132.59,1253
2021-08-24 14:41:51,9954.8,3.67,-91.46,-24130.89,1254
2021-08-24 14:42:00,9955.7,3.68,-91.46,-24132.07,1255
2021-08-24 14:42:01,9959.1,3.68,-91.5,-24136.51,1256
2021-08-24 14:42:02,9959.7,3.68,-91.51,-24137.3,1257
2021-08-24 14:42:03,9955.3,3.68,-91.46,-24131.54,1258
2021-08-24 14:42:04,9949.8,3.68,-91.4,-24124.34,1259
2021-08-24 14:42:05,9946.1,3.68,-91.37,-24119.5,1260
2021-08-24 14:42:06,9942.5,3.68,-91.33,-24114.79,1261
2021-08-24 14:42:07,9935.4,3.68,-91.26,-24105.48,1262
2021-08-24 14:42:00,9930,3.68,-91.2,-24098.41,1263
2021-08-24 14:42:01,9930.1,3.68,-91.2,-24098.54,1264
2021-08-24 14:42:10,9931.6,3.68,-91.22,-24100.5,1265
2021-08-24 14:42:11,9927.2,3.68,-91.17,-24094.74,1266
2021-08-24 14:42:12,9921.2,3.68,-91.11,-24086.87,1267
2021-08-24 14:42:13,9915.4,3.68,-91.05,-24079.26,1268
2021-08-24 14:42:14,9914.2,3.68,-91.04,-24077.69,1269
2021-08-24 14:42:15,9911.7,3.68,-91.01,-24074.41,1270
2021-08-24 14:42:16,9908,3.68,-90.98,-24069.55,1271
2021-08-24 14:42:17,9906.8,3.68,-90.96,-24067.97,1272
2021-08-24 14:42:10,9906.7,3.68,-90.96,-24067.83,1273
2021-08-24 14:42:11,9905.7,3.68,-90.95,-24066.52,1274
2021-08-24 14:42:20,9906.4,3.68,-90.96,-24067.44,1275
2021-08-24 14:42:21,9905.3,3.68,-90.95,-24066,1276
2021-08-24 14:42:22,9905.6,3.68,-90.95,-24066.4,1277
2021-08-24 14:42:23,9903.7,3.68,-90.93,-24063.9,1278
2021-08-24 14:42:24,9902,3.68,-90.92,-24061.66,1279
2021-08-24 14:42:25,9898.4,3.68,-90.88,-24056.93,1280
2021-08-24 14:42:26,9898.2,3.68,-90.88,-24056.67,1281
2021-08-24 14:42:27,9898.5,3.68,-90.88,-24057.07,1282
2021-08-24 14:42:20,9899.9,3.68,-90.89,-24058.91,1283
2021-08-24 14:42:21,9899.8,3.68,-90.89,-24058.78,1284
2021-08-24 14:42:30,9897.3,3.68,-90.87,-24055.49,1285
2021-08-24 14:42:31,9895.8,3.69,-90.85,-24053.52,1286
2021-08-24 14:42:32,9896.9,3.69,-90.86,-24054.96,1287
2021-08-24 14:42:33,9903.2,3.68,-90.93,-24063.24,1288
2021-08-24 14:42:34,9905.5,3.69,-90.95,-24066.27,1289
2021-08-24 14:42:35,11299.1,77.51,-105.2,-25800.5,1290
2021-08-24 14:42:36,9903.5,3.69,-90.93,-24063.64,1291
2021-08-24 14:42:37,9902.7,3.69,-90.92,-24062.58,1292
2021-08-24 14:42:30,9902.9,3.68,-90.92,-24062.85,1293
2021-08-24 14:42:31,9905.1,3.69,-90.95,-24065.74,1294
2021-08-24 14:42:40,9907.4,3.69,-90.97,-24068.75,1295
2021-08-24 14:42:41,9911.6,3.69,-91.01,-24074.27,1296
2021-08-24 14:42:42,9909.3,3.69,-90.99,-24071.25,1297
2021-08-24 14:42:43,9886,3.69,-90.75,-24040.63,1298
2021-08-24 14:42:44,9857.4,3.68,-90.46,-24002.96,1299
2021-08-24 14:42:45,9827.9,3.68,-90.16,-23964.01,1300
2021-08-24 14:42:46,9797.9,3.68,-89.85,-23924.31,1301
2021-08-24 14:42:47,9767.1,3.67,-89.54,-23883.45,1302
2021-08-24 14:42:40,9738.8,3.67,-89.25,-23845.81,1303
2021-08-24 14:42:41,9708.3,3.67,-88.93,-23805.13,1304
2021-08-24 14:42:50,9675.4,3.67,-88.6,-23761.16,1305
2021-08-24 14:42:51,9643.8,3.67,-88.27,-23718.79,1306
2021-08-24 14:42:52,9613.3,3.66,-87.96,-23677.8,1307
2021-08-24 14:42:53,9581.8,3.66,-87.64,-23635.36,1308
2021-08-24 14:42:54,9546.9,3.66,-87.28,-23588.2,1309
2021-08-24 14:42:55,9508.8,3.66,-86.89,-23536.56,1310
2021-08-24 14:42:56,9470.4,3.65,-86.5,-23484.34,1311
2021-08-24 14:42:57,9431.8,3.65,-86.11,-23431.67,1312
2021-08-24 14:42:50,9394.1,3.65,-85.72,-23380.06,1313
2021-08-24 14:42:51,9354.8,3.65,-85.32,-23326.09,1314
2021-08-24 14:43:00,9319.2,3.65,-84.95,-23277.04,1315
2021-08-24 14:43:01,9283.2,3.65,-84.59,-23227.28,1316
2021-08-24 14:43:04,9178.3,3.65,-83.51,-23081.41,1319
2021-08-24 14:43:05,9143.9,3.65,-83.16,-23033.27,1320
2021-08-24 14:43:06,9108,3.65,-82.79,-22982.88,1321
2021-08-24 14:43:07,9072.8,3.65,-82.43,-22933.31,1322
2021-08-24 14:43:00,9038.5,3.65,-82.08,-22884.87,1323
2021-08-24 14:43:01,9004.8,3.65,-81.74,-22837.12,1324
2021-08-24 14:43:10,8970,3.65,-81.38,-22787.67,1325
2021-08-24 14:43:11,8935.1,3.65,-81.03,-22737.92,1326
2021-08-24 14:43:13,8866.6,3.65,-80.33,-22639.81,1328
2021-08-24 14:43:14,8831,3.65,-79.96,-22588.58,1329
2021-08-24 14:43:15,8796.6,3.65,-79.61,-22538.91,1330
2021-08-24 14:43:16,8764,3.65,-79.28,-22491.71,1331
2021-08-24 14:43:10,8695.9,3.65,-78.58,-22392.62,1333
2021-08-24 14:43:11,8662.4,3.65,-78.24,-22343.65,1334
2021-08-24 14:43:20,8629.2,3.64,-77.9,-22294.97,1335
2021-08-24 14:43:21,8595.5,3.64,-77.55,-22245.4,1336
2021-08-24 14:43:22,8564,3.64,-77.23,-22198.92,1337
2021-08-24 14:43:23,8530.7,3.65,-76.89,-22149.63,1338
2021-08-24 14:43:24,8496.7,3.64,-76.54,-22099.15,1339
2021-08-24 14:43:25,8461.5,3.64,-76.18,-22046.71,1340
2021-08-24 14:43:26,8428.1,3.64,-75.84,-21996.79,1341
2021-08-24 14:43:27,8395,3.64,-75.5,-21947.16,1342
2021-08-24 14:43:20,8364.1,3.64,-75.19,-21900.69,1343
2021-08-24 14:43:21,8330.8,3.64,-74.85,-21850.46,1344
2021-08-24 14:43:30,8297.9,3.64,-74.51,-21800.65,1345
2021-08-24 14:43:31,8266.8,3.64,-74.19,-21753.44,1346
2021-08-24 14:43:32,8233,3.64,-73.85,-21701.96,1347
2021-08-24 14:43:33,8198.2,3.64,-73.49,-21648.77,1348
2021-08-24 14:43:34,8162.9,3.64,-73.13,-21594.64,1349
2021-08-24 14:43:35,8131.1,3.64,-72.8,-21545.71,1350
2021-08-24 14:43:36,8097.4,3.64,-72.46,-21493.69,1351
2021-08-24 14:43:37,8063.2,3.64,-72.11,-21440.71,1352
2021-08-24 14:43:30,8031.6,3.64,-71.79,-21391.6,1353
2021-08-24 14:43:31,8000.3,3.64,-71.47,-21342.81,1354
2021-08-24 14:43:40,7965.9,3.64,-71.11,-21289,1355
2021-08-24 14:43:41,7933,3.64,-70.78,-21237.36,1356
2021-08-24 14:43:42,7902.4,3.65,-70.46,-21189.17,1357
2021-08-24 14:43:43,7868.7,3.64,-70.12,-21135.93,1358
2021-08-24 14:43:44,7838.1,3.65,-69.81,-21087.43,1359
2021-08-24 14:43:45,7805.1,3.65,-69.47,-21034.95,1360
2021-08-24 14:43:47,7773.4,3.65,-69.14,-20984.37,1361
2021-08-24 14:43:40,7741.5,3.65,-68.82,-20933.3,1362
2021-08-24 14:43:41,7708.1,3.65,-68.48,-20879.65,1363
2021-08-24 14:43:51,7644.2,3.65,-67.82,-20776.47,1365
2021-08-24 14:43:52,7611.3,3.66,-67.49,-20723.07,1366
2021-08-24 14:43:53,7579.3,3.66,-67.16,-20670.96,1367
2021-08-24 14:43:54,7548.6,3.66,-66.85,-20620.79,1368
2021-08-24 14:43:55,7516.7,3.66,-66.52,-20568.49,1369
2021-08-24 14:43:56,7488.7,3.66,-66.23,-20522.44,1370
2021-08-24 14:43:57,7459.4,3.67,-65.93,-20474.1,1371
2021-08-24 14:43:50,7431.5,3.67,-65.65,-20427.93,1372
2021-08-24 14:43:51,7401.4,3.67,-65.34,-20377.95,1373
2021-08-24 14:44:00,7370.7,3.67,-65.03,-20326.8,1374
2021-08-24 14:44:01,7340.1,3.66,-64.71,-20275.66,1375
2021-08-24 14:44:02,7308.8,3.67,-64.39,-20223.16,1376
2021-08-24 14:44:04,7250,3.67,-63.79,-20124.06,1378
2021-08-24 14:44:05,7221.3,3.68,-63.5,-20075.44,1379
2021-08-24 14:44:06,7190.5,3.68,-63.18,-20023.1,1380
2021-08-24 14:44:07,7159.3,3.68,-62.86,-19969.89,1381
2021-08-24 14:44:00,7127,3.68,-62.53,-19914.61,1382
2021-08-24 14:44:01,7095.1,3.68,-62.21,-19859.82,1383
2021-08-24 14:44:10,7061.9,3.69,-61.87,-19802.57,1384
2021-08-24 14:44:11,7028.8,3.69,-61.53,-19745.28,1385
2021-08-24 14:44:12,6995.3,3.69,-61.19,-19687.08,1386
2021-08-24 14:44:13,6961,3.69,-60.84,-19627.26,1387
2021-08-24 14:44:14,6928.6,3.69,-60.5,-19570.52,1388
2021-08-24 14:44:15,6810.9,3.7,-59.3,-19362.6,1389
2021-08-24 14:44:16,6863.2,3.7,-59.83,-19455.34,1390
2021-08-24 14:44:17,6832.7,3.7,-59.52,-19401.33,1391
2021-08-24 14:44:10,6799.3,3.7,-59.18,-19341.95,1392
2021-08-24 14:44:11,6767.1,3.7,-58.85,-19284.48,1393
2021-08-24 14:44:20,6734,3.7,-58.51,-19225.18,1394
2021-08-24 14:44:22,6666.8,3.71,-57.83,-19104.04,1396
2021-08-24 14:44:23,6634.3,3.71,-57.49,-19045.11,1397
2021-08-24 14:44:24,6602.7,3.71,-57.17,-18987.58,1398
2021-08-24 14:44:25,6568.7,3.72,-56.82,-18925.43,1399
2021-08-24 14:44:26,6535.1,3.72,-56.48,-18863.76,1400
2021-08-24 14:44:27,6502,3.72,-56.14,-18802.74,1401
2021-08-24 14:44:20,6467.1,3.72,-55.78,-18738.15,1402
2021-08-24 14:44:21,6435.6,3.74,-55.46,-18679.6,1403
2021-08-24 14:44:30,6402,3.74,-55.12,-18616.89,1404
2021-08-24 14:44:31,6370.1,3.75,-54.79,-18557.1,1405
2021-08-24 14:44:32,6337.8,3.75,-54.46,-18496.32,1406
2021-08-24 14:44:33,6306,3.75,-54.14,-18436.24,1407
2021-08-24 14:44:34,6274.4,3.75,-53.81,-18376.29,1408
2021-08-24 14:44:35,6242.5,3.76,-53.49,-18315.53,1409
2021-08-24 14:44:36,6209.7,3.76,-53.15,-18252.78,1410
2021-08-24 14:44:37,6178.8,3.77,-52.84,-18193.42,1411
2021-08-24 14:44:30,6147.5,3.77,-52.51,-18133.05,1412
2021-08-24 14:44:31,6116.4,3.79,-52.2,-18072.82,1413
2021-08-24 14:44:40,6085.5,3.8,-51.88,-18012.73,1414
2021-08-24 14:44:41,6055,3.8,-51.57,-17953.17,1415
2021-08-24 14:44:42,6025.5,3.81,-51.27,-17895.34,1416
2021-08-24 14:44:43,5995.4,3.82,-50.96,-17836.09,1417
2021-08-24 14:44:44,5963.7,3.83,-50.63,-17773.44,1418
2021-08-24 14:44:45,5932.5,3.85,-50.32,-17711.5,1419
2021-08-24 14:44:46,5903.2,3.86,-50.02,-17653.1,1420
2021-08-24 14:44:47,5873,3.87,-49.71,-17592.66,1421
2021-08-24 14:44:40,5842.6,3.88,-49.4,-17531.56,1422
2021-08-24 14:44:41,5812.7,3.89,-49.09,-17471.22,1423
2021-08-24 14:44:50,5786.1,3.9,-48.82,-17417.32,1424
2021-08-24 14:44:51,5757.1,3.91,-48.52,-17358.34,1425
2021-08-24 14:44:52,5727.3,3.92,-48.22,-17297.47,1426
2021-08-24 14:44:53,5699.6,3.93,-47.93,-17240.66,1427
2021-08-24 14:44:54,5671.2,3.95,-47.64,-17182.19,1428
2021-08-24 14:44:55,5643,3.96,-47.35,-17123.89,1429
2021-08-24 14:44:56,5613.2,3.97,-47.05,-17062.03,1430
2021-08-24 14:44:57,5584.6,3.98,-46.76,-17002.41,1431
2021-08-24 14:44:50,5558.6,3.99,-46.49,-16947.99,1432
2021-08-24 14:44:51,5530.6,4,-46.21,-16889.15,1433
2021-08-24 14:45:00,5503.3,4,-45.93,-16831.56,1434
2021-08-24 14:45:02,5448.8,4.01,-45.37,-16715.88,1436
2021-08-24 14:45:03,5420.2,4.03,-45.08,-16654.8,1437
2021-08-24 14:45:04,5392.6,4.03,-44.79,-16595.61,1438
2021-08-24 14:45:05,5367.3,4.05,-44.54,-16541.14,1439
2021-08-24 14:45:06,5341.9,4.06,-44.28,-16486.24,1440
2021-08-24 14:45:07,5318,4.07,-44.03,-16434.39,1441
2021-08-24 14:45:00,5291.8,4.08,-43.76,-16377.33,1442
2021-08-24 14:45:01,5265.8,4.09,-43.5,-16320.48,1443
2021-08-24 14:45:12,5185.5,4.11,-42.68,-16143.46,1446
2021-08-24 14:45:13,5158.8,4.13,-42.4,-16084.11,1447
2021-08-24 14:45:14,5134.2,4.14,-42.15,-16029.2,1448
2021-08-24 14:45:15,5107.4,4.16,-41.88,-15969.14,1449
2021-08-24 14:45:16,5080.8,4.17,-41.6,-15909.28,1450
2021-08-24 14:45:17,5055.6,4.19,-41.35,-15852.34,1451
2021-08-24 14:45:10,5027.5,4.2,-41.06,-15788.57,1452
2021-08-24 14:45:11,5000.1,4.21,-40.78,-15726.11,1453
2021-08-24 14:45:20,4974.6,4.23,-40.52,-15667.72,1454
2021-08-24 14:45:21,4947.1,4.25,-40.24,-15604.5,1455
2021-08-24 14:45:22,4920,4.27,-39.96,-15541.91,1456
2021-08-24 14:45:23,4893.4,4.29,-39.69,-15480.2,1457
2021-08-24 14:45:24,4868.4,4.31,-39.43,-15421.96,1458
2021-08-24 14:45:25,4841,4.33,-39.15,-15357.84,1459
2021-08-24 14:45:26,4814,4.35,-38.88,-15294.38,1460
2021-08-24 14:45:27,4787.2,4.38,-38.6,-15231.1,1461
2021-08-24 14:45:20,4760.2,4.4,-38.33,-15167.06,1462
2021-08-24 14:45:21,4731.5,4.42,-38.03,-15098.65,1463
2021-08-24 14:45:30,4703.1,4.44,-37.74,-15030.64,1464
2021-08-24 14:45:31,4676,4.46,-37.46,-14965.42,1465
2021-08-24 14:45:32,4648.5,4.48,-37.18,-14898.94,1466
2021-08-24 14:45:33,4620.7,4.5,-36.9,-14831.39,1467
2021-08-24 14:45:34,4591.6,4.52,-36.6,-14760.34,1468
2021-08-24 14:45:36,4563.7,4.53,-36.32,-14691.88,1469
2021-08-24 14:45:37,4535.4,4.56,-36.03,-14622.08,1470
2021-08-24 14:45:30,4507.4,4.59,-35.74,-14552.68,1471
2021-08-24 14:45:31,4478.7,4.61,-35.45,-14481.19,1472
2021-08-24 14:45:40,4450.1,4.63,-35.15,-14409.57,1473
2021-08-24 14:45:41,4420.9,4.65,-34.86,-14336.06,1474
2021-08-24 14:45:42,4394,4.67,-34.58,-14267.99,1475
2021-08-24 14:45:45,4308.5,4.76,-33.71,-14049.38,1478
2021-08-24 14:45:46,4279.9,4.8,-33.41,-13975.46,1479
2021-08-24 14:45:47,4252,4.83,-33.13,-13902.98,1480
2021-08-24 14:45:40,4223.4,4.85,-32.84,-13828.27,1481
2021-08-24 14:45:41,4196.5,4.88,-32.56,-13757.63,1482
2021-08-24 14:45:50,4167.1,4.92,-32.26,-13680,1483
2021-08-24 14:45:51,4139,4.95,-31.97,-13605.39,1484
2021-08-24 14:45:52,4111.4,4.99,-31.69,-13531.71,1485
2021-08-24 14:45:53,4082.5,5.03,-31.39,-13454.12,1486
2021-08-24 14:45:54,4053.7,5.06,-31.1,-13376.36,1487
2021-08-24 14:45:55,4024.9,5.09,-30.81,-13298.15,1488
2021-08-24 14:45:56,3996,5.13,-30.51,-13219.22,1489
2021-08-24 14:45:57,3967.7,5.16,-30.22,-13141.47,1490
2021-08-24 14:45:50,3940.4,5.21,-29.94,-13066.05,1491
2021-08-24 14:45:51,3913.1,5.26,-29.66,-12990.2,1492
2021-08-24 14:46:00,3884.7,5.31,-29.37,-12910.83,1493
2021-08-24 14:46:01,3856.2,5.37,-29.08,-12830.72,1494
2021-08-24 14:46:02,3827.2,5.41,-28.78,-12748.7,1495
2021-08-24 14:46:03,3798.6,5.47,-28.49,-12667.33,1496
2021-08-24 14:46:04,3784.6,5.52,-28.35,-12627.31,1497
2021-08-24 14:46:05,3795.9,5.58,-28.46,-12659.62,1498
2021-08-24 14:46:06,3814.3,5.63,-28.65,-12712.05,1499
2021-08-24 14:46:00,3785.6,5.69,-28.36,-12630.17,1501
2021-08-24 14:46:01,3768.5,5.73,-28.18,-12581.14,1502
2021-08-24 14:46:10,3749.6,5.76,-27.99,-12526.74,1503
2021-08-24 14:46:11,3728.4,5.78,-27.77,-12465.45,1504
2021-08-24 14:46:12,3705.2,5.82,-27.54,-12398.06,1505
2021-08-24 14:46:13,3681.6,5.85,-27.29,-12329.15,1506
2021-08-24 14:46:14,3654.3,5.89,-27.01,-12249,1507
2021-08-24 14:46:15,3628.8,5.93,-26.75,-12173.69,1508
2021-08-24 14:46:16,3604.1,5.97,-26.5,-12100.33,1509
2021-08-24 14:46:17,3578.2,5.99,-26.24,-12022.97,1510
2021-08-24 14:46:10,3551.5,6.02,-25.96,-11942.75,1511
2021-08-24 14:46:11,3526.1,6.07,-25.7,-11865.97,1512
2021-08-24 14:46:20,3502.2,6.1,-25.46,-11793.32,1513
2021-08-24 14:46:21,3479.2,6.14,-25.22,-11723.03,1514
2021-08-24 14:46:22,3456.3,6.19,-24.99,-11652.67,1515
2021-08-24 14:46:23,3431.6,6.23,-24.74,-11576.35,1516
2021-08-24 14:46:24,3404.2,6.29,-24.46,-11491.17,1517
2021-08-24 14:46:25,3377.2,6.33,-24.18,-11406.68,1518
2021-08-24 14:46:26,3350.6,6.38,-23.91,-11322.91,1519
2021-08-24 14:46:27,3326.6,6.43,-23.66,-11246.87,1520
2021-08-24 14:46:20,3301.9,6.48,-23.41,-11168.14,1521
2021-08-24 14:46:21,3277.4,6.54,-23.16,-11089.58,1522
2021-08-24 14:46:30,3251.7,6.59,-22.9,-11006.65,1523
2021-08-24 14:46:31,3225.3,6.66,-22.63,-10920.92,1524
2021-08-24 14:46:32,3199.2,6.72,-22.36,-10835.59,1525
2021-08-24 14:46:33,3174.4,6.8,-22.11,-10754,1526
2021-08-24 14:46:35,3120.2,6.94,-21.55,-10573.86,1528
2021-08-24 14:46:36,3091.6,7.02,-21.26,-10477.78,1529
2021-08-24 14:46:37,3062.6,7.1,-20.96,-10379.62,1530
2021-08-24 14:46:30,3031.8,7.18,-20.65,-10274.54,1531
2021-08-24 14:46:31,3004.1,7.26,-20.36,-10179.29,1532
2021-08-24 14:46:40,2976.5,7.35,-20.08,-10083.68,1533
2021-08-24 14:46:41,2948,7.44,-19.79,-9984.2,1534
2021-08-24 14:46:43,2889.9,7.64,-19.2,-9778.95,1536
2021-08-24 14:46:44,2862.2,7.74,-18.91,-9679.91,1537
2021-08-24 14:46:45,2835.3,7.86,-18.64,-9582.99,1538
2021-08-24 14:46:46,2808.1,7.98,-18.36,-9484.23,1539
2021-08-24 14:46:47,2776.9,8.11,-18.04,-9369.99,1540
2021-08-24 14:46:40,2747.2,8.24,-17.74,-9260.28,1541
2021-08-24 14:46:41,2720.2,8.36,-17.46,-9159.69,1542
2021-08-24 14:46:50,2692.8,8.47,-17.18,-9056.79,1543
2021-08-24 14:46:51,2663.8,8.58,-16.88,-8946.96,1544
2021-08-24 14:46:52,2633.8,8.73,-16.58,-8832.31,1545
2021-08-24 14:46:53,2606.2,8.91,-16.3,-8725.89,1546
2021-08-24 14:46:54,2577.3,9.09,-16,-8613.48,1547
2021-08-24 14:46:55,2551.5,9.27,-15.74,-8512.27,1548
2021-08-24 14:46:56,2523.6,9.44,-15.45,-8401.87,1549
2021-08-24 14:46:57,2494.8,9.61,-15.16,-8286.88,1550
2021-08-24 14:46:50,2465.8,9.78,-14.86,-8169.99,1551
2021-08-24 14:46:51,2437.7,9.98,-14.57,-8055.67,1552
2021-08-24 14:47:00,2408.9,10.18,-14.28,-7937.38,1553
2021-08-24 14:47:01,2380.9,10.37,-13.99,-7821.28,1554
2021-08-24 14:47:02,2353.5,10.56,-13.71,-7706.59,1555
2021-08-24 14:47:03,2325.7,10.74,-13.43,-7589.12,1556
2021-08-24 14:47:04,2298.7,10.92,-13.15,-7473.93,1557
2021-08-24 14:47:05,2269.3,11.13,-12.85,-7347.25,1558
2021-08-24 14:47:06,2239.2,11.34,-12.54,-7216.17,1559
2021-08-24 14:47:07,2211.8,11.55,-12.26,-7095.6,1560
2021-08-24 14:47:00,2185.3,11.85,-11.99,-6977.85,1561
2021-08-24 14:47:10,2129.9,12.49,-11.42,-6727.86,1563
2021-08-24 14:47:11,2102,12.77,-11.14,-6599.97,1564
2021-08-24 14:47:12,2074.9,13.07,-10.86,-6474.43,1565
2021-08-24 14:47:13,2048.3,13.45,-10.59,-6349.9,1566
2021-08-24 14:47:14,2022.4,13.92,-10.32,-6227.39,1567
2021-08-24 14:47:15,1995.4,14.39,-10.05,-6098.31,1568
2021-08-24 14:47:16,1968.5,14.81,-9.77,-5968.3,1569
2021-08-24 14:47:17,1939.9,15.2,-9.48,-5828.48,1570
2021-08-24 14:47:10,1911.9,15.54,-9.19,-5689.97,1571
2021-08-24 14:47:11,1888.9,15.83,-8.96,-5574.96,1572
2021-08-24 14:47:20,1867.1,16.08,-8.74,-5464.89,1573
2021-08-24 14:47:21,1844.2,16.32,-8.5,-5348.16,1574
2021-08-24 14:47:22,1820.9,16.52,-8.26,-5228.16,1575
2021-08-24 14:47:23,1796.7,16.71,-8.02,-5102.21,1576
2021-08-24 14:47:24,1775.6,16.88,-7.8,-4991.27,1577
2021-08-24 14:47:25,1772.6,17.05,-7.77,-4975.41,1578
2021-08-24 14:47:27,1783.7,17.18,-7.88,-5033.98,1579
2021-08-24 14:47:20,1789.6,17.29,-7.94,-5064.99,1580
2021-08-24 14:47:21,1789.9,17.38,-7.95,-5066.57,1581
2021-08-24 14:47:30,2368.9,17.47,-13.87,-7771.19,1582
2021-08-24 14:47:32,1724.4,17.65,-7.28,-4717.56,1584
2021-08-24 14:47:33,1704.6,17.74,-7.07,-4609.94,1585
2021-08-24 14:47:34,1687.2,17.81,-6.9,-4514.53,1586
2021-08-24 14:47:35,1669.1,17.86,-6.71,-4414.43,1587
2021-08-24 14:47:36,1650.8,17.94,-6.52,-4312.33,1588
2021-08-24 14:47:37,1624.3,17.99,-6.25,-4162.84,1589
2021-08-24 14:47:30,1595.7,18.05,-5.96,-3999.27,1590
2021-08-24 14:47:31,1568.1,18.1,-5.68,-3839.16,1591
2021-08-24 14:47:40,1542.7,18.15,-5.42,-3689.77,1592
2021-08-24 14:47:41,1516.6,18.19,-5.15,-3534.19,1593
2021-08-24 14:47:42,1489.9,18.24,-4.88,-3372.77,1594
2021-08-24 14:47:43,1476.7,18.3,-4.74,-3292.09,1595
2021-08-24 14:47:44,1477.2,18.36,-4.75,-3295.16,1596
2021-08-24 14:47:45,1482.5,18.41,-4.8,-3327.61,1597
2021-08-24 14:47:46,1472.5,18.44,-4.7,-3266.3,1598
2021-08-24 14:47:47,1451.1,18.48,-4.48,-3133.96,1599
2021-08-24 14:47:40,1426.5,18.52,-4.23,-2979.86,1600
2021-08-24 14:47:41,1403.2,18.56,-3.99,-2831.91,1601
2021-08-24 14:47:50,1378.6,18.59,-3.74,-2673.52,1602
2021-08-24 14:47:51,1303.6,77.51,-2.97,-2176.09,1603
2021-08-24 14:47:52,1330.1,18.66,-3.24,-2354.44,1604
2021-08-24 14:47:53,1303.2,18.69,-2.97,-2173.38,1605
2021-08-24 14:47:55,1250.7,18.74,-2.43,-1811.11,1607
2021-08-24 14:47:56,1226,18.77,-2.18,-1636.4,1608
2021-08-24 14:47:57,1202.9,18.79,-1.94,-1470.4,1609
2021-08-24 14:47:50,1181,18.81,-1.72,-1310.64,1610
2021-08-24 14:47:51,1158.9,18.83,-1.49,-1146.96,1611
2021-08-24 14:48:00,1134.8,18.85,-1.25,-965.56,1612
2021-08-24 14:48:01,1110.9,18.86,-1,-782.55,1613
2021-08-24 14:48:02,1086.8,18.87,-0.75,-594.76,1614
2021-08-24 14:48:03,1064.3,18.89,-0.52,-416.37,1615
2021-08-24 14:48:04,1040.5,18.9,-0.28,-224.31,1616
2021-08-24 14:48:05,1015.3,18.91,-0.02,-17.04,1617
2021-08-24 14:48:06,1003.8,18.91,0.09,78.93,1618
2021-08-24 14:48:00,1003.6,18.93,0.1,80.61,1620
2021-08-24 14:48:01,1003.5,18.94,0.1,81.45,1621
2021-08-24 14:48:10,1005.2,18.95,0.08,67.2,1622
2021-08-24 14:48:11,1003.5,18.95,0.1,81.45,1623
2021-08-24 14:48:12,1003.4,18.95,0.1,82.29,1624
2021-08-24 14:48:13,1003.1,18.96,0.1,84.8,1625
2021-08-24 14:48:14,1007.8,18.97,0.05,45.45,1626
2021-08-24 14:48:15,1004.5,18.97,0.09,73.06,1627
2021-08-24 14:48:16,1005.2,18.97,0.08,67.2,1628
2021-08-24 14:48:17,1003.1,18.97,0.1,84.8,1629
2021-08-24 14:48:10,1003.2,18.98,0.1,83.96,1630
2021-08-24 14:48:11,1003.6,18.98,0.1,80.61,1631
2021-08-24 14:48:20,1003.5,18.98,0.1,81.45,1632
2021-08-24 14:48:21,1003.5,18.99,0.1,81.45,1633
2021-08-24 14:48:22,1003.5,18.99,0.1,81.45,1634
2021-08-24 14:48:23,1004.3,18.99,0.09,74.74,1635
2021-08-24 14:48:24,1004.9,18.99,0.08,69.71,1636
2021-08-24 14:48:25,1003.8,19,0.09,78.93,1637
2021-08-24 14:48:26,1003,19,0.1,85.64,1638
2021-08-24 14:48:27,1002.8,19,0.1,87.32,1639
2021-08-24 14:48:20,1003,19.01,0.1,85.64,1640
2021-08-24 14:48:21,1003.8,19.01,0.09,78.93,1641
2021-08-24 14:48:30,1004.4,19.01,0.09,73.9,1642
2021-08-24 14:48:31,1003.3,19,0.1,83.12,1643
2021-08-24 14:48:32,1002.9,19,0.1,86.48,1644
2021-08-24 14:48:33,1002.8,18.99,0.1,87.32,1645
2021-08-24 14:48:34,1002.7,18.97,0.11,88.16,1646
2021-08-24 14:48:35,1002.8,18.95,0.1,87.32,1647
2021-08-24 14:48:36,1003.2,18.92,0.1,83.96,1648
2021-08-24 14:48:37,1003.1,18.9,0.1,84.8,1649
2021-08-24 14:48:30,1003.2,18.87,0.1,83.96,1650
2021-08-24 14:48:31,1003.1,18.85,0.1,84.8,1651
2021-08-24 14:48:40,1008,18.82,0.05,43.78,1652
2021-08-24 14:48:41,1003,18.82,0.1,85.64,1653
2021-08-24 14:48:42,1002.8,18.83,0.1,87.32,1654
2021-08-24 14:48:43,1003,18.83,0.1,85.64,1655
2021-08-24 14:48:44,1003,18.81,0.1,85.64,1656
2021-08-24 14:48:45,1002.8,18.8,0.1,87.32,1657
2021-08-24 14:48:46,1002.5,18.78,0.11,89.84,1658
2021-08-24 14:48:47,1002.7,18.76,0.11,88.16,1659
2021-08-24 14:48:40,1003,18.74,0.1,85.64,1660
2021-08-24 14:48:41,1003.2,18.71,0.1,83.96,1661
2021-08-24 14:48:50,1003.1,18.68,0.1,84.8,1662
2021-08-24 14:48:51,1002.8,18.66,0.1,87.32,1663
2021-08-24 14:48:52,1002.5,18.63,0.11,89.84,1664
2021-08-24 14:48:53,1002.4,18.6,0.11,90.68,1665
2021-08-24 14:48:54,1002.6,18.57,0.11,89,1666
2021-08-24 14:48:55,1002.7,18.54,0.11,88.16,1667
2021-08-24 14:48:56,1003,18.51,0.1,85.64,1668
2021-08-24 14:48:57,1002.2,18.48,0.11,92.35,1669
2021-08-24 14:48:50,1002.5,18.45,0.11,89.84,1670
2021-08-24 14:48:51,1002.4,18.42,0.11,90.68,1671
2021-08-24 14:49:00,1002.9,18.39,0.1,86.48,1672
2021-08-24 14:49:01,1002.6,18.37,0.11,89,1673
2021-08-24 14:49:02,1002.3,18.34,0.11,91.51,1674
2021-08-24 14:49:03,1002.5,18.32,0.11,89.84,1675
2021-08-24 14:49:04,1002.4,18.28,0.11,90.68,1676
2021-08-24 14:49:05,1002,18.26,0.11,94.03,1677
2021-08-24 14:49:06,1001.9,18.23,0.11,94.87,1678
2021-08-24 14:49:07,1002.6,18.21,0.11,89,1679
2021-08-24 14:49:00,1002.4,18.18,0.11,90.68,1680
2021-08-24 14:49:01,1002.4,18.16,0.11,90.68,1681
2021-08-24 14:49:10,1002.3,18.14,0.11,91.51,1682
2021-08-24 14:49:11,1002.7,18.11,0.11,88.16,1683
2021-08-24 14:49:12,1002.4,18.1,0.11,90.68,1684
2021-08-24 14:49:13,1002.3,18.08,0.11,91.51,1685
2021-08-24 14:49:14,1002.5,18.05,0.11,89.84,1686
2021-08-24 14:49:15,1002.3,18.03,0.11,91.51,1687
2021-08-24 14:49:16,1002.2,18.01,0.11,92.35,1688
2021-08-24 14:49:17,1002.1,17.99,0.11,93.19,1689
2021-08-24 14:49:10,1002.7,17.97,0.11,88.16,1690
2021-08-24 14:49:11,1002.1,17.95,0.11,93.19,1691
2021-08-24 14:49:20,1001.7,17.93,0.12,96.55,1692
2021-08-24 14:49:22,1002.2,17.91,0.11,92.35,1693
2021-08-24 14:49:23,1002.1,17.89,0.11,93.19,1694
2021-08-24 14:49:24,1002.1,17.88,0.11,93.19,1695
2021-08-24 14:49:25,1001.9,17.86,0.11,94.87,1696
2021-08-24 14:49:26,1001.8,17.84,0.11,95.71,1697
2021-08-24 14:49:27,1002.3,17.83,0.11,91.51,1698
2021-08-24 14:49:20,1002,17.81,0.11,94.03,1699
2021-08-24 14:49:21,1002.4,17.79,0.11,90.68,1700
2021-08-24 14:49:30,1002.2,17.77,0.11,92.35,1701
2021-08-24 14:49:31,1001.6,17.76,0.12,97.39,1702
2021-08-24 14:49:32,1001.2,17.75,0.12,100.75,1703
2021-08-24 14:49:33,1002.1,17.73,0.11,93.19,1704
2021-08-24 14:49:34,1002,17.71,0.11,94.03,1705
2021-08-24 14:49:35,1002,17.7,0.11,94.03,1706
2021-08-24 14:49:36,1001.9,17.69,0.11,94.87,1707
2021-08-24 14:49:37,1001.9,17.67,0.11,94.87,1708
2021-08-24 14:49:30,1001.9,17.66,0.11,94.87,1709
2021-08-24 14:49:31,1001.8,17.65,0.11,95.71,1710
2021-08-24 14:49:40,1002.2,17.64,0.11,92.35,1711
2021-08-24 14:49:41,1002.2,17.63,0.11,92.35,1712
2021-08-24 14:49:42,1001.5,17.62,0.12,98.23,1713
2021-08-24 14:49:43,1001.4,17.61,0.12,99.07,1714
2021-08-24 14:49:44,1001.3,17.58,0.12,99.91,1715
2021-08-24 14:49:45,1001.9,17.57,0.11,94.87,1716
2021-08-24 14:49:46,1001.6,17.57,0.12,97.39,1717
2021-08-24 14:49:47,1001.8,17.56,0.11,95.71,1718
2021-08-24 14:49:40,1001.8,17.54,0.11,95.71,1719
2021-08-24 14:49:41,1001.4,17.54,0.12,99.07,1720
2021-08-24 14:49:50,1001.6,17.53,0.12,97.39,1721
2021-08-24 14:49:51,1001.8,17.52,0.11,95.71,1722
2021-08-24 14:49:52,1001.7,17.51,0.12,96.55,1723
2021-08-24 14:49:53,1001.7,17.5,0.12,96.55,1724
2021-08-24 14:49:54,1001.3,17.49,0.12,99.91,1725
2021-08-24 14:49:55,1001.2,17.48,0.12,100.75,1726
2021-08-24 14:49:56,1001.6,17.47,0.12,97.39,1727
2021-08-24 14:49:57,1001.2,17.46,0.12,100.75,1728
2021-08-24 14:49:50,1002,17.45,0.11,94.03,1729
2021-08-24 14:49:51,1002,17.44,0.11,94.03,1730
2021-08-24 14:50:00,1001.3,17.43,0.12,99.91,1731
2021-08-24 14:50:01,1001.4,17.42,0.12,99.07,1732
2021-08-24 14:50:02,1001.3,17.41,0.12,99.91,1733
2021-08-24 14:50:03,1001.2,17.4,0.12,100.75,1734
2021-08-24 14:50:04,1001.2,17.4,0.12,100.75,1735
2021-08-24 14:50:05,1001.5,17.4,0.12,98.23,1736
2021-08-24 14:50:06,1001.6,17.38,0.12,97.39,1737
2021-08-24 14:50:07,1001.4,17.37,0.12,99.07,1738
2021-08-24 14:50:00,1001.2,17.37,0.12,100.75,1739
2021-08-24 14:50:01,1001.1,17.36,0.12,101.59,1740
2021-08-24 14:50:10,1001.3,17.35,0.12,99.91,1741
2021-08-24 14:50:11,1001,17.35,0.12,102.43,1742
2021-08-24 14:50:12,1001.4,17.34,0.12,99.07,1743
2021-08-24 14:50:13,1001,17.33,0.12,102.43,1744
2021-08-24 14:50:14,1001.4,17.32,0.12,99.07,1745
2021-08-24 14:50:15,1001.5,17.32,0.12,98.23,1746
2021-08-24 14:50:16,1001.1,17.31,0.12,101.59,1747
2021-08-24 14:50:17,1001.7,17.3,0.12,96.55,1748
2021-08-24 14:50:10,1001.1,17.3,0.12,101.59,1749
2021-08-24 14:50:11,1001.5,17.29,0.12,98.23,1750
2021-08-24 14:50:20,1001.4,17.28,0.12,99.07,1751
2021-08-24 14:50:21,1001.5,17.28,0.12,98.23,1752
2021-08-24 14:50:22,1001.4,17.26,0.12,99.07,1753
2021-08-24 14:50:23,1001.4,17.26,0.12,99.07,1754
2021-08-24 14:50:24,1000.9,17.25,0.12,103.27,1755
2021-08-24 14:50:25,1001,17.24,0.12,102.43,1756
2021-08-24 14:50:26,1001.2,17.23,0.12,100.75,1757
2021-08-24 14:50:27,1000.9,17.23,0.12,103.27,1758
2021-08-24 14:50:20,1001.1,17.22,0.12,101.59,1759
2021-08-24 14:50:21,1001,17.21,0.12,102.43,1760
2021-08-24 14:50:30,1001.3,17.2,0.12,99.91,1761
2021-08-24 14:50:31,1001.3,17.2,0.12,99.91,1762
2021-08-24 14:50:32,1000.8,17.19,0.12,104.11,1763
2021-08-24 14:50:33,1001.2,17.19,0.12,100.75,1764
2021-08-24 14:50:34,1001.4,17.18,0.12,99.07,1765
2021-08-24 14:50:35,1001.3,17.18,0.12,99.91,1766
2021-08-24 14:50:36,1000.9,17.17,0.12,103.27,1767
2021-08-24 14:50:37,1001,17.16,0.12,102.43,1768
2021-08-24 14:50:30,1001.1,17.15,0.12,101.59,1769
2021-08-24 14:50:31,1001.5,17.15,0.12,98.23,1770
2021-08-24 14:50:40,1001,17.14,0.12,102.43,1771
2021-08-24 14:50:41,1001.1,17.14,0.12,101.59,1772
2021-08-24 14:50:42,1000.8,17.13,0.12,104.11,1773
2021-08-24 14:50:43,1001.4,17.12,0.12,99.07,1774
2021-08-24 14:50:44,1001.4,17.12,0.12,99.07,1775
2021-08-24 14:50:45,1000.9,17.11,0.12,103.27,1776
2021-08-24 14:50:46,1001,17.11,0.12,102.43,1777
2021-08-24 14:50:47,1001.1,17.1,0.12,101.59,1778
2021-08-24 14:50:40,1001,17.1,0.12,102.43,1779
2021-08-24 14:50:41,1000.7,17.09,0.13,104.95,1780
2021-08-24 14:50:50,1000.6,17.09,0.13,105.8,1781
2021-08-24 14:50:51,1001.1,17.08,0.12,101.59,1782
2021-08-24 14:50:52,1000.9,17.07,0.12,103.27,1783
2021-08-24 14:50:53,1000.8,17.07,0.12,104.11,1784
2021-08-24 14:50:54,1001,17.07,0.12,102.43,1785
2021-08-24 14:50:55,1000.7,17.06,0.13,104.95,1786
2021-08-24 14:50:56,1000.8,17.06,0.12,104.11,1787
2021-08-24 14:50:57,1001.4,17.05,0.12,99.07,1788
2021-08-24 14:50:50,1000.8,17.05,0.12,104.11,1789
2021-08-24 14:50:51,1001.1,17.04,0.12,101.59,1790
2021-08-24 14:51:00,1000.7,17.03,0.13,104.95,1791
2021-08-24 14:51:01,1000.9,17.03,0.12,103.27,1792
2021-08-24 14:51:02,1001,17.02,0.12,102.43,1793
2021-08-24 14:51:03,1000.8,17.02,0.12,104.11,1794
2021-08-24 14:51:04,1001.2,17.02,0.12,100.75,1795
2021-08-24 14:51:05,1000.7,17.01,0.13,104.95,1796
2021-08-24 14:51:06,1001,17.01,0.12,102.43,1797
2021-08-24 14:51:07,1000.8,17.01,0.12,104.11,1798
2021-08-24 14:51:00,1000.6,17,0.13,105.8,1799
2021-08-24 14:51:01,1000.9,17,0.12,103.27,1800
2021-08-24 14:51:10,1000.8,17,0.12,104.11,1801
2021-08-24 14:51:11,1000.8,16.99,0.12,104.11,1802
2021-08-24 14:51:12,1001.3,17,0.12,99.91,1803
2021-08-24 14:51:13,1001,16.99,0.12,102.43,1804
2021-08-24 14:51:14,1001,16.98,0.12,102.43,1805
2021-08-24 14:51:15,1001.2,16.98,0.12,100.75,1806
2021-08-24 14:51:16,1000.9,16.98,0.12,103.27,1807
2021-08-24 14:51:10,1000.8,16.97,0.12,104.11,1808
2021-08-24 14:51:11,1000.6,16.97,0.13,105.8,1809
2021-08-24 14:51:20,1000.7,16.96,0.13,104.95,1810
2021-08-24 14:51:21,1000.9,16.96,0.12,103.27,1811
2021-08-24 14:51:22,1000.8,16.96,0.12,104.11,1812
2021-08-24 14:51:23,1000.6,16.95,0.13,105.8,1813
2021-08-24 14:51:24,1001.3,16.95,0.12,99.91,1814
2021-08-24 14:51:25,1000.8,16.95,0.12,104.11,1815
2021-08-24 14:51:26,1000.6,16.95,0.13,105.8,1816
2021-08-24 14:51:27,1000.6,16.94,0.13,105.8,1817
2021-08-24 14:51:20,1000.9,16.94,0.12,103.27,1818
2021-08-24 14:51:21,1001,16.94,0.12,102.43,1819
2021-08-24 14:51:30,1000.7,16.94,0.13,104.95,1820
2021-08-24 14:51:31,1000.8,16.94,0.12,104.11,1821
2021-08-24 14:51:32,1000.8,16.93,0.12,104.11,1822
2021-08-24 14:51:33,1001.3,16.93,0.12,99.91,1823
2021-08-24 14:51:34,1000.8,16.93,0.12,104.11,1824
2021-08-24 14:51:35,1001,16.94,0.12,102.43,1825
2021-08-24 14:51:36,1001,16.94,0.12,102.43,1826
2021-08-24 14:51:37,1000.7,16.94,0.13,104.95,1827
2021-08-24 14:51:30,1000.8,16.94,0.12,104.11,1828
2021-08-24 14:51:31,1000.9,16.93,0.12,103.27,1829
2021-08-24 14:51:40,1001.1,16.94,0.12,101.59,1830
2021-08-24 14:51:41,1000.9,16.94,0.12,103.27,1831
2021-08-24 14:51:42,1000.9,16.94,0.12,103.27,1832
2021-08-24 14:51:43,1000.4,16.94,0.13,107.48,1833
2021-08-24 14:51:44,1000.9,16.94,0.12,103.27,1834
2021-08-24 14:51:45,1000.8,16.94,0.12,104.11,1835
2021-08-24 14:51:46,1000.8,16.95,0.12,104.11,1836
2021-08-24 14:51:47,1000.8,16.94,0.12,104.11,1837
2021-08-24 14:51:40,1000.4,16.95,0.13,107.48,1838
2021-08-24 14:51:41,1000.6,16.95,0.13,105.8,1839
2021-08-24 14:51:50,1000.8,16.95,0.12,104.11,1840
2021-08-24 14:51:51,1000.7,16.95,0.13,104.95,1841
2021-08-24 14:51:52,1000.6,16.95,0.13,105.8,1842
2021-08-24 14:51:53,1000.9,16.95,0.12,103.27,1843
2021-08-24 14:51:54,1000.8,16.95,0.12,104.11,1844
2021-08-24 14:51:55,1001.3,16.95,0.12,99.91,1845
2021-08-24 14:51:56,1001,16.95,0.12,102.43,1846
2021-08-24 14:51:57,1001.3,16.95,0.12,99.91,1847
2021-08-24 14:51:50,1000.1,16.95,0.13,110,1848
2021-08-24 14:51:51,1000.7,16.94,0.13,104.95,1849
2021-08-24 14:52:00,1000.4,16.95,0.13,107.48,1850
2021-08-24 14:52:01,1000.8,16.95,0.12,104.11,1851
2021-08-24 14:52:02,1000.8,16.95,0.12,104.11,1852
2021-08-24 14:52:03,1000.5,16.95,0.13,106.64,1853
2021-08-24 14:52:04,1000.8,16.95,0.12,104.11,1854
2021-08-24 14:52:05,1000.8,16.95,0.12,104.11,1855
2021-08-24 14:52:06,1000.4,16.95,0.13,107.48,1856
2021-08-24 14:52:07,1000.4,16.95,0.13,107.48,1857
2021-08-24 14:52:00,1001,16.96,0.12,102.43,1858
2021-08-24 14:52:01,1000.9,16.96,0.12,103.27,1859
2021-08-24 14:52:10,1000.3,16.96,0.13,108.32,1860
2021-08-24 14:52:11,1000.7,16.96,0.13,104.95,1861
2021-08-24 14:52:12,1000.4,16.96,0.13,107.48,1862
2021-08-24 14:52:13,1000.6,16.97,0.13,105.8,1863
2021-08-24 14:52:14,1000.6,16.97,0.13,105.8,1864
2021-08-24 14:52:15,1001,16.97,0.12,102.43,1865
2021-08-24 14:52:16,1000.6,16.97,0.13,105.8,1866
2021-08-24 14:52:17,1000.8,16.97,0.12,104.11,1867
2021-08-24 14:52:10,1001.2,16.97,0.12,100.75,1868
2021-08-24 14:52:11,1001,16.97,0.12,102.43,1869
2021-08-24 14:52:20,1000.7,16.98,0.13,104.95,1870
2021-08-24 14:52:21,1001,16.98,0.12,102.43,1871
2021-08-24 14:52:22,1000.6,16.98,0.13,105.8,1872
2021-08-24 14:52:23,1000.4,16.99,0.13,107.48,1873
2021-08-24 14:52:24,1000.6,16.98,0.13,105.8,1874
2021-08-24 14:52:25,1000.9,16.99,0.12,103.27,1875
2021-08-24 14:52:26,1000.6,16.99,0.13,105.8,1876
2021-08-24 14:52:27,1000.5,16.99,0.13,106.64,1877
2021-08-24 14:52:20,1001.1,16.99,0.12,101.59,1878
2021-08-24 14:52:21,1000.9,16.99,0.12,103.27,1879
2021-08-24 14:52:30,1000.2,16.99,0.13,109.16,1880
2021-08-24 14:52:31,1000.8,17,0.12,104.11,1881
2021-08-24 14:52:32,1000.1,17,0.13,110,1882
2021-08-24 14:52:33,1000.2,17,0.13,109.16,1883
2021-08-24 14:52:34,1000.8,17,0.12,104.11,1884
2021-08-24 14:52:35,1000.4,17,0.13,107.48,1885
2021-08-24 14:52:36,1001.1,17,0.12,101.59,1886
2021-08-24 14:52:37,1000.3,17,0.13,108.32,1887
2021-08-24 14:52:30,1000,17,0.13,110.84,1888
2021-08-24 14:52:31,1000.7,17.01,0.13,104.95,1889
2021-08-24 14:52:40,1000.2,17,0.13,109.16,1890
2021-08-24 14:52:41,1000.4,17.01,0.13,107.48,1891
2021-08-24 14:52:42,1000.5,17.01,0.13,106.64,1892